;;бкрс;   B-47 ;4;00;;test;;;;;900;840;;20;;;
;;бкрс;   B-19 ;5;;;test;;;;;960;885;;0;;;
;;KAMA; KAMA  204 ;135;80;12;;;;;;960;900;;8;;;
;;SAVA; SAVA  EFFECTA+ ;135;80;;;;;;;900;810;;0;;;
;; DEBICA   ;   DEBICA  NAVIGATOR ;135;80;12;;;;;;990;900;;0;;;
;; ROSAVA   ; ROSAVA  BC-11 ;155;70; 13   ;керн-бяеяегнмйю;;;;;990;945;;100;;;
;; ROSAVA   ; ROSAVA  аж-10 ;155;70; 13   ;керн-бяеяегнмйю;;;;;1050;960;;20;;;
;;CORDIANT; CORDINAT  ROAD  RUNNER  RS-1  75T ;155;70;13;керн-бяеяегнмйю;;;;;1200;1095;;20;;;
;;BELSHINA; BELSHINA  BEL-391  75T ;155;70;13;керн-бяеяегнмйю;;;;;1050;990;;120;;;
;; DEBICA   ; DEBICA  NAVIGATOR  2  75T ;155;70;13;керн-бяеяегнмйю;;;;;1500;1365;;8;;;
;;BARUM; BARUM    BRILLIANTIS  2  75T ;155;70; 13   ;керн-бяеяегнмйю;;;;;1500;1350;;2;;;
;;FULDA; FULDA  ECOCONTROL  75T ;155;70; 13   ;керн-бяеяегнмйю;;;;;1560;1440;;8;;;
;;AMTEL; AMTEL  P-3 ;155;70; 13   ;керн-бяеяегнмйю;;;;;900;810;;0;;;
;;AMTEL; AMTEL  T-301  75T ;155;70; 13   ;керн-бяеяегнмйю;;;;;900;840;;0;;;
;;DEBICA; DEBICA  PASSIO  2  75T ;155;70; 13   ;керн-бяеяегнмйю;;;;;1440;1290;;4;;;
;;MENTOR; MENTOR  M400  75T ;155;70; 13   ;керн-бяеяегнмйю;;;;;1200;1110;;20;;;
;;KOPMORAN; KOPMORAN  IMPULSER  B3  75T ;155;70; 13   ;керн-бяеяегнмйю;;;;;1395;1254;;8;;;
;;RIKEN; RIKEN  ALLSTAR  2  75T ;155;70;13;керн-бяеяегнмйю;;;;;1395;1254;;4;;;
;;HANKOOK; HANKOOK  OPTIMO  K425  KINERGY  ECO  75T ;155;70; 13   ;керн-бяеяегнмйю;;;;;1560;1440;;0;;;
;;SAVA; SAVA  PERFECTA  75T ;155;70; 13   ;керн-бяеяегнмйю;;;;;1440;1290;;8;;;
;;BELSHINA; BELSHINA  аек-105 ;165;70; 13   ;керн-бяеяегнмйю;;;;;1125;1035;;8;;;
;;ROSAVA; ROSAVA  аж-11 ;165;70;13;керн-бяеяегнмйю;;;;;1050;975;;12;;;
;;ROSAVA; ROSAVA  аж-48  79T ;165;70;13;керн-бяеяегнмйю;;;;;1050;990;;8;;;
;;ROSAVA; ROSAVA  аж-19 ;165;70;13;керн-бяеяегнмйю;;;;;1050;990;;2;;;
;;DEBICA; DEBICA  NAVIGATOR  2 ;165;70;13;керн-бяеяегнмйю;;;;;1695;1548;;4;;;
;;AMTEL; AMTEL  DC ;175;70; 13   ;керн-бяеяегнмйю;;;;;960;855;;0;;;
;;AMTEL; AMTEL  NV-112  82T ;175;70; 13   ;керн-бяеяегнмйю;;;;;960;855;;0;;;
;;AMTEL; AMTEL  P-3    82T ;175;70; 13   ;керн-бяеяегнмйю;;;;;1350;1215;;2;;;
;;AMTEL; AMTEL  T-301  82T ;175;70; 13   ;керн-бяеяегнмйю;;;;;1350;1215;;96;;;
;; BARUM   ; BARUM    BRILLIANTIS  2  82T ;175;70; 13   ;керн-бяеяегнмйю;;;;;1650;1500;;20;;;
;;BRIDGESTONE; BRIDGESTONE  EP-150  82H ;175;70; 13   ;керн-бяеяегнмйю;;;;;1950;1890;;4;;;
;;CORDIANT; CORDINAT  COMFORT  82T ;175;70; 13   ;керн-бяеяегнмйю;;;;;1350;1200;;50;;;
;;CORDIANT; CORDINAT  SPORT  2 ;175;70; 13   ;керн-бяеяегнмйю;;;;;0;0;;0;;;
;;CORDIANT; CORDINAT  SPORT  TL  82T ;175;70; 13   ;керн-бяеяегнмйю;;;;;1350;1200;;120;;;
;;CORDIANT; CORDINAT  STANDART ;175;70; 13   ;керн-бяеяегнмйю;;;;;1350;1200;;20;;;
;;CORDIANT; CORDINAT  ROAD  RUNNER  RS-1  82T ;175;70; 13   ;керн-бяеяегнмйю;;;;;1350;1200;;1;;;
;;KUMHO; KUMHO  KR21  82H ;175;70; 13   ;керн-бяеяегнмйю;;;;;1650;1500;;22;;;
;;KUMHO; KUMHO  KR26  82H ;175;70; 13   ;керн-бяеяегнмйю;;;;;1650;1560;;0;;;
;; DEBICA   ; DEBICA  NAVIGATOR-2  82T ;175;70; 13   ;керн-бяеяегнмйю;;;;;1695;1548;;20;;;
;;DEBICA; DEBICA  PASSIO  2  82T ;175;70; 13   ;керн-бяеяегнмйю;;;;;1620;1476;;12;;;
;;NOKIAN; NOKIAN  HAKKA  GREEN  82T ;175;70;13;керн-бяеяегнмйю;;;;;1260;1200;;0;;;
;;FULDA; FULDA  ECOCONTROL  82T ;175;70; 13   ;керн-бяеяегнмйю;;;;;1800;1623;;12;;;
;;HANKOOK; HANKOOK  OPTIMA  H730  4S  82T ;175;70; 13   ;керн-бяеяегнмйю;;;;;1320;1230;;0;;;
;;HANKOOK; HANKOOK  K-415  82H ;175;70; 13   ;керн-бяеяегнмйю;;;;;1650;1500;;44;;;
;;HANKOOK; HANKOOK  K-715  82T ;175;70; 13   ;керн-бяеяегнмйю;;;;;1155;1035;;1;;;
;; MICHELIN   ; MICHELIN  ENERGY  XM2  82T ;175;70; 13   ;керн-бяеяегнмйю;;;;;1950;1800;;0;;;
;;KLEBER; KLEBER  VIAXER  82T ;175;70; 13   ;керн-бяеяегнмйю;;;;;1350;1200;;0;;;
;;MATADOR; MATADOR  MP16  82T ;175;70; 13   ;керн-бяеяегнмйю;;;;;1620;1476;;8;;;
;;SAVA; SAVA  PERFECTA  82T ;175;70; 13   ;керн-бяеяегнмйю;;;;;1650;1512;;4;;;
;;TOYO; TOYO  VARIO  V2+  82T ;175;70;13;керн-бяеяегнмйю;;;;;1950;1845;;36;;;
;; TOYO   ; TOYO  NE03  82T ;175;70; 13   ;керн-бяеяегнмйю;;;;;1950;1845;;12;;;
;;YOKOHAMA; YOKOHAMA  AA01  82T ;175;70;13;керн-бяеяегнмйю;;;;;1950;1725;;12;;;
;; ROSAVA   ; ROSAVA  SQ-201  82H ;175;70; 13   ;керн-бяеяегнмйю;;;;;1200;1050;;180;;;
;; ROSAVA   ; ROSAVA  BC-11 ;175;70; 13   ;керн-бяеяегнмйю;;;;;1200;1035;;80;;;
;;ROSAVA; ROSAVA  аж-4 ;175;70; 13   ;керн-бяеяегнмйю;;;;;1200;1050;;72;;;
;;ROSAVA; ROSAVA  аж-20 ;175;70; 13   ;керн-бяеяегнмйю;;;;;1200;1035;;288;;;
;;ROSAVA; ROSAVA  аж-48 ;175;70; 13   ;керн-бяеяегнмйю;;;;;1200;1035;;132;;;
;;ROSAVA; ROSAVA  аж-49  guartum   ;175;70; 13   ;керн-бяеяегнмйю;;;;;1200;1050;;20;;;
;;PRIMEORI; PREMIORRI  SOLAZO  82H ;175;70; 13   ;керн-бяеяегнмйю;;;;;1200;1110;;160;;;
;;KAMA; йюлю  204  82H ;175;70; 13   ;керн-бяеяегнмйю;;;;;960;888;;0;;;
;;KAMA; йюлю  217  82H ;175;70; 13   ;керн-бяеяегнмйю;;;;;1200;1125;;48;;;
;;KAMA; йюлю  EURO  224  82T ;175;70; 13   ;керн-бяеяегнмйю;;;;;1275;1200;;28;;;
;;KAMA; йюлю  205 ;175;70; 13   ;керн-бяеяегнмйю;;;;;1200;1065;;11;;;
;;KAMA; йюлю  BREEZE  132  82T ;175;70; 13   ;керн-бяеяегнмйю;;;;;1200;1095;;22;;;
;;KAMA; йюлю  EURO  129  82T ;175;70; 13   ;керн-бяеяегнмйю;;;;;1275;1164;;80;;;
;;BELSHINA; BELSHINA  аек-100 ;175;70; 13   ;керн-бяеяегнмйю;;;;;1200;1080;;300;;;
;;BELSHINA; BELSHINA  аек-103 ;175;70;13;керн-бяеяегнмйю;;;;;1200;1065;;220;;;
;;BELSHINA; BELSHINA  ах-391 ;175;70; 13   ;керн-бяеяегнмйю;;;;;1200;1080;;12;;;
;;BELSHINA; BELSHINA  аек-253 ;175;70; 13   ;керн-бяеяегнмйю;;;;;1200;1155;;76;;;
;;KUMHO; KUMHO  KU31  80H ;185;60; 13   ;керн-бяеяегнмйю;;;;;1950;1725;;4;;;
;;KUMHO; KUMHO  KR21  84T ;185;65; 13   ;керн-бяеяегнмйю;;;;;1800;1560;;0;;;
;;ROSAVA; ROSAVA  бя-40 ;185;65; 13   ;керн-бяеяегнмйю;;;;;1200;1095;;12;;;
;;DEBICA; DEBICA  NAVIGATOR-2 ;185;70; 13   ;керн-бяеяегнмйю;;;;;1440;1320;;0;;;
;;PRIMEORI; PREMIORRI  SOLAZO   ;165;70; 14   ;керн-бяеяегнмйю;;;;;1440;1275;;6;;;
;;DEBICA; DEBICA  NAVIGATOR  2 ;165;70;14;керн-бяеяегнмйю;;;;;1950;1695;;4;;;
;;PRIMEORI; PREMIORRI  SOLAZO   ;175;65; 14   ;керн-бяеяегнмйю;;;;;1350;1209;;74;;;
;; ROSAVA   ; ROSAVA  SQ-201  82H ;175;65; 14   ;керн-бяеяегнмйю;;;;;1350;1200;;50;;;
;;KAMA; KAMA  EURO  129  82H ;175;65; 14   ;керн-бяеяегнмйю;;;;;1260;1191;;20;;;
;;KAMA;KAMA-217;175;65; 14   ;керн-бяеяегнмйю;;;;;1350;1215;;40;;;
;;AMTEL; AMTEL  T-301 ;175;65; 14   ;керн-бяеяегнмйю;;;;;1170;1050;;0;;;
;;DEBICA; DEBICA  NAVIGATOR  2 ;175;65; 14   ;керн-бяеяегнмйю;;;;;1950;1770;;12;;;
;;KLEBER; KLEBER  DYNAXER  HP3  82H ;175;65; 14   ;керн-бяеяегнмйю;;;;;1875;1695;;4;;;
;;HANKOOK; HANKOOK  K424  82H ;175;65; 14   ;керн-бяеяегнмйю;;;;;1800;1650;;4;;;
;;SAVA; SAVA  PERFECTA  82T ;175;65; 14   ;керн-бяеяегнмйю;;;;;1800;1659;;4;;;
;; BARUM   ; BARUM  BRILLANTIS  2  86T  XL ;175;65; 14   ;керн-бяеяегнмйю;;;;;0;0;;0;;;
;;GOODYEAR; GOODYEAR  EFFICIENTGRIP  COMPACT   ;175;65; 14   ;керн-бяеяегнмйю;;;;;2190;2040;;2;;;
;;CORDIANT; CORDIANT  COMFORT  82T ;175;65; 14   ;керн-бяеяегнмйю;;;;;1440;1320;;0;;;
;;CORDIANT; CORDIANT  SPORT  2  82H ;175;65; 14   ;керн-бяеяегнмйю;;;;;1200;1125;;0;;;
;;CORDIANT; CORDIANT    SPORT  82H ;175;65; 14   ;керн-бяеяегнмйю;;;;;1440;1320;;20;;;
;;CORDIANT; CORDIANT  ROAD  RUNNER  RS-1  82H ;175;65; 14   ;керн-бяеяегнмйю;;;;;1350;1260;;0;;;
;;FULDA; FULDA  ECOCONTROL  82T ;175;65; 14   ;керн-бяеяегнмйю;;;;;1350;1230;;0;;;
;; MICHELIN     ; MICHELIN  ENERGY  XM2  82T ;175;65; 14   ;керн-бяеяегнмйю;;;;;1950;1860;;0;;;
;; TOYO   ; TOYO  350 ;175;65; 14   ;керн-бяеяегнмйю;;;;;1350;1200;;0;;;
;;KUMHO; KUMHO  KH15  82H ;175;65; 14   ;керн-бяеяегнмйю;;;;;1875;1695;;4;;;
;;KUMHO; KUMHO  KR26  82H ;175;65; 14   ;керн-бяеяегнмйю;;;;;1800;1680;;0;;;
;;KOPMORAN; KOPMORAN  IMPULSER  B2 ;175;65; 14   ;керн-бяеяегнмйю;;;;;0;0;;0;;;
;;DUNLOP; DUNLOP  SP  Sport  560  84T ;175;70;14;керн-бяеяегнмйю;;;;;1695;1548;;8;;;
;;DEBICA; DEBICA  NAVIGATOR  82T ;185;60; 14   ;керн-бяеяегнмйю;;;;;1950;1770;;12;;;
;; ROSAVA   ; ROSAVA  SQ-201  82H ;185;60; 14   ;керн-бяеяегнмйю;;;;;1350;1215;;76;;;
;; ROSAVA   ; ROSAVA  S-49  QUARTUM ;185;60; 14   ;керн-бяеяегнмйю;;;;;1275;1185;;12;;;
;;PRIMEORI; PREMIORRI  SOLAZO   ;185;60; 14   ;керн-бяеяегнмйю;;;;;1380;1320;;57;;;
;;KAMA; йюлю  208  82H ;185;60; 14   ;керн-бяеяегнмйю;;;;;1260;1200;;0;;;
;;KAMA; йюлю  EURO  224  82H ;185;60; 14   ;керн-бяеяегнмйю;;;;;1350;1305;;42;;;
;;KAMA; йюлю  EURO  129   ;185;60; 14   ;керн-бяеяегнмйю;;;;;1440;1350;;40;;;
;;BELSHINA; BELSHINA  ах-555 ;185;60; 14   ;керн-бяеяегнмйю;;;;;1350;1224;;80;;;
;;BELSHINA; BELSHINA  аек-256 ;185;60; 14   ;керн-бяеяегнмйю;;;;;1350;1230;;28;;;
;; BARUM   ; BARUM  BRILLANTIS  2  82р ;185;60; 14   ;керн-бяеяегнмйю;;;;;1950;1764;;4;;;
;;HANKOOK; HANKOOK  K424  82H ;185;60; 14   ;керн-бяеяегнмйю;;;;;1410;1290;;0;;;
;;AMTEL; AMTEL  T-301  82H ;185;60; 14   ;керн-бяеяегнмйю;;;;;1320;1200;;0;;;
;;BFGOODRICH; BFGOODRICH  G-GRIP  82H ;185;60; 14   ;керн-бяеяегнмйю;;;;;1440;1290;;0;;;
;; MICHELIN     ; MICHELIN  ENERGY  XM2  82T ;185;60; 14   ;керн-бяеяегнмйю;;;;;2550;2340;;28;;;
;;KOPMORAN; KOPMORAN  IMPULSER  B3  82T   ;185;60; 14   ;керн-бяеяегнмйю;;;;;1800;1620;;8;;;
;; MICHELIN   ; MICHELIN  ENERGY  SAVER  82T ;185;60; 14   ;керн-бяеяегнмйю;;;;;1800;1650;;0;;;
;;CONTINENTAL; CONTINENTAL  ContiPremiumContact  5    82H ;185;60; 14   ;керн-бяеяегнмйю;;;;;1800;1710;;0;;;
;;HANKOOK; HANKOOK  H424  82V ;185;60;14;керн-бяеяегнмйю;;;;;1620;1500;;0;;;
;;NEXEN; NEXEN  NBLUE  HD  82 ;185;60; 14   ;керн-бяеяегнмйю;;;;;1275;1170;;0;;;
;;TOYO; TOYO  VARIO  V2+  82T ;185;60; 14   ;керн-бяеяегнмйю;;;;;2340;2139;;8;;;
;;FULDA; FULDA  ECOCONTROL  82T ;185;60; 14   ;керн-бяеяегнмйю;;;;;2100;1920;;4;;;
;;KLEBER; KLEBER  QUADRAXER  82H ;185;60; 14   ;керн-бяеяегнмйю;;;;;1650;1545;;0;;;
;;KLEBER; KLEBER  DYNAXER  HP3  82H ;185;60; 14   ;керн-бяеяегнмйю;;;;;2100;1881;;7;;;
;;YOKOHAMA; YOKOHAMA  AC02  82H ;185;60;14;керн-бяеяегнмйю;;;;;2340;2214;;8;;;
;;YOKOHAMA; YOKOHAMA  AA01  82T ;185;60;14;керн-бяеяегнмйю;;;;;0;0;;0;;;
;;CORDIANT; CORDIANT  ROAD  RUNNER  RS-1  86H ;185;60; 14   ;керн-бяеяегнмйю;;;;;1575;1425;;2;;;
;;CORDIANT; CORDIANT  COMFORT  82H ;185;60; 14   ;керн-бяеяегнмйю;;;;;1575;1425;;20;;;
;;CORDIANT; CORDIANT  SPORT  2  82H ;185;60; 14   ;керн-бяеяегнмйю;;;;;1575;1440;;0;;;
;;CORDIANT; CORDINAT  SPORT  TL  MATADOR-OMSKSHINA ;185;60; 14   ;керн-бяеяегнмйю;;;;;1500;1365;;0;;;
;;GOODYEAR; GOODYEAR  EFFICIENTGRIP  COMPACT  82T ;185;60;14;керн-бяеяегнмйю;;;;;2400;2214;;6;;;
;;BRIDGESTONE; BRIDGESTONE  MY-02  Sporty  Style    82H  TL ;185;60; 14   ;керн-бяеяегнмйю;;;;;2250;2100;;8;;;
;;BRIDGESTONE; BRIDGESTONE  Turanza  T001  82H  TL   ;185;60; 14   ;керн-бяеяегнмйю;;;;;2460;2310;;4;;;
;;KUMHO; KUMHO  ECSTA  KH11  82V ;185;60; 14   ;керн-бяеяегнмйю;;;;;1950;1800;;12;;;
;;KUMHO; KUMHO  ECSTA  SPT  KU31  82H ;185;60; 14   ;керн-бяеяегнмйю;;;;;2025;1875;;20;;;
;;KUMHO; KUMHO  KR26  82H ;185;60;14;керн-бяеяегнмйю;;;;;1875;1725;;20;;;
;;KUMHO; KUMHO  KH17 ;185;60; 14   ;керн-бяеяегнмйю;;;;;1875;1725;;0;;;
;;ZETUM; ZETUM  KH26  82H    (KUMHO) ;185;60;14;керн-бяеяегнмйю;;;;;1740;1623;;20;;;
;;MARSHAL; MARSHAL  82H  MH11  TL   ;185;60; 14   ;керн-бяеяегнмйю;;;;;1875;1650;;20;;;
;;SAVA; SAVA  PERFECTA  82T ;185;60; 14   ;керн-бяеяегнмйю;;;;;1200;1125;;0;;;
;;SAVA; SAVA  Intensa  HP  82H ;185;60; 14   ;керн-бяеяегнмйю;;;;;0;0;;0;;;
;; MICHELIN     ; MICHELIN  ENERGY  XM2  86T ;185;65;14;керн-бяеяегнмйю;;;;;1950;1800;;0;;;
;;SAVA; SAVA  PERFECTA  86T ;185;65;14;керн-бяеяегнмйю;;;;;1950;1770;;6;;;
;; BARUM   ; BARUM  BRILLANTIS  2  86р ;185;65;14;керн-бяеяегнмйю;;;;;1950;1800;;2;;;
;;MATADOR; MATADOR  MP16  86T ;185;65; 14   ;керн-бяеяегнмйю;;;;;1950;1734;;2;;;
;;FULDA; FULDA  ECOCONTROL  86T ;185;65; 14   ;керн-бяеяегнмйю;;;;;2100;1950;;2;;;
;;BELSHINA; BELSHINA  ArtMotionАЕК254 ;185;65; 14   ;керн-бяеяегнмйю;;;;;1440;1314;;0;;;
;;BELSHINA; BELSHINA  аек-94 ;185;65; 14   ;керн-бяеяегнмйю;;;;;1350;1290;;64;;;
;;BELSHINA; BELSHINA  аек157 ;185;65; 14   ;керн-бяеяегнмйю;;;;;1080;1005;;0;;;
;;KAMA; йюлю  EURO  236  86H ;185;65; 14   ;керн-бяеяегнмйю;;;;;1350;1275;;1;;;
;;KAMA; йюлю  EURO  129  86H ;185;65; 14   ;керн-бяеяегнмйю;;;;;1500;1395;;4;;;
;;DEBICA; DEBICA  NAVIGATOR  2  86T  M+S ;185;65; 14   ;керн-бяеяегнмйю;;;;;1995;1845;;12;;;
;;ZETUM; ZETUM  KH26  82H    (KUMHO) ;185;65; 14   ;керн-бяеяегнмйю;;;;;1800;1605;;40;;;
;; ROSAVA   ; ROSAVA  SQ-201  82H ;185;65; 14   ;керн-бяеяегнмйю;;;;;1350;1218;;20;;;
;; ROSAVA   ; ROSAVA  S-49  QUARTUM ;185;65; 14   ;керн-бяеяегнмйю;;;;;1275;1185;;28;;;
;;PRIMEORI; PREMIORRI  SOLAZO   ;185;65; 14   ;керн-бяеяегнмйю;;;;;1575;1425;;0;;;
;;CORDIANT; CORDIANT  ROAD  RUNNER  RS-1  86H ;185;65; 14   ;керн-бяеяегнмйю;;;;;1260;1200;;0;;;
;;CORDIANT; CORDINAT  SPORT  2  86H ;185;65; 14   ;керн-бяеяегнмйю;;;;;1260;1200;;0;;;
;;CORDIANT; CORDINAT  COMFORT  86H ;185;65; 14   ;керн-бяеяегнмйю;;;;;1260;1200;;0;;;
;;CORDIANT; CORDINAT  SPORT  86H ;185;65; 14   ;керн-бяеяегнмйю;;;;;1500;1380;;0;;;
;;DIPLOMAT; DIPLOMAT  T  88H ;185;65; 14   ;керн-бяеяегнмйю;;;;;1260;1110;;0;;;
;;VREDESTEIN; VREDESTEIN  T-TRAC  SI  82T ;185;65; 14   ;керн-бяеяегнмйю;;;;;1440;1290;;0;;;
;; KLEBER   ; KLEBER  DYNAXER  HP3  86T ;185;65; 14   ;керн-бяеяегнмйю;;;;;1350;1293;;0;;;
;;KUMHO; KUMHO  ECSTA  SPT  KU31  82H ;185;65; 14   ;керн-бяеяегнмйю;;;;;2100;1950;;20;;;
;;KUMHO; KUMHO  KR26  86H ;185;65;14;керн-бяеяегнмйю;;;;;1950;1800;;2;;;
;;BRIDGESTONE; BRIDGESTONE  EP-150  86H ;185;65;14;керн-бяеяегнмйю;;;;;2550;2340;;12;;;
;;HANKOOK; HANKOOK  K425   ;185;65; 14   ;керн-бяеяегнмйю;;;;;1560;1425;;0;;;
;;CORDIANT; CORDINAT  SPORT  TL  88T ;185;70; 14   ;керн-бяеяегнмйю;;;;;1575;1500;;0;;;
;;CORDIANT; CORDIANT  ROAD  RUNNER  RS-1  88H ;185;70; 14   ;керн-бяеяегнмйю;;;;;1440;1350;;0;;;
;;FULDA; FULDA  ECOCONTROL   ;185;70; 14   ;керн-бяеяегнмйю;;;;;1590;1485;;0;;;
;; BARUM   ; BARUM  BRILLANTIS  2  88T ;185;70; 14   ;керн-бяеяегнмйю;;;;;1950;1728;;4;;;
;;KUMHO; KUMHO  KR26  88р ;185;70; 14   ;керн-бяеяегнмйю;;;;;1950;1875;;6;;;
;;DEBICA; DEBICA  NAVIGATOR  2   ;185;70; 14   ;керн-бяеяегнмйю;;;;;1500;1380;;0;;;
;;KAMA; йюлю  204   ;185;70; 14   ;керн-бяеяегнмйю;;;;;1425;1275;;8;;;
;;BELSHINA; BELSHINA  аек  97 ;185;70; 14   ;керн-бяеяегнмйю;;;;;1410;1320;;44;;;
;;BELSHINA; BELSHINA  аек113 ;185;70; 14   ;керн-бяеяегнмйю;;;;;1380;1275;;12;;;
;;ROSAVA; ROSAVA  аж-40 ;195;70;14;керн-бяеяегнмйю;;;;;1650;1515;;12;;;
;;HANKOOK; HANKOOK  K424  91H ;195;70;14;керн-бяеяегнмйю;;;;;2580;2400;;4;;;
;;BELSHINA; BELSHINA  аек-59 ;205;70; 14   ;керн-бяеяегнмйю;;;;;1950;1740;;40;;;
;;ROSAVA; ROSAVA  аж-1 ;205;70; 14   ;керн-бяеяегнмйю;;;;;1875;1695;;44;;;
;;ROSAVA; ROSAVA  аж-16 ;205;70; 14   ;керн-бяеяегнмйю;;;;;1875;1695;;56;;;
;;MICHELIN; MICHELIN  X-RADIAL  93S ;205;70;14;керн-бяеяегнмйю;;;;;2850;2691;;4;;;
;;PRIMEORI; PREMIORRI  SOLAZO   ;185;55; 15   ;керн-бяеяегнмйю;;;;;1800;1575;;24;;;
;;KUMHO; KUMHO  ECSTA  SPT  KU31  82H ;185;55; 15   ;керн-бяеяегнмйю;;;;;2550;2400;;4;;;
;;NEXEN; NEXEN  CP641  82V ;185;55; 15   ;керн-бяеяегнмйю;;;;;1590;1440;;0;;;
;;KUMHO; KUMHO  KR26  84H ;185;60; 15   ;керн-бяеяегнмйю;;;;;2250;2100;;4;;;
;;KAMA; KAMA  EVRO-236 ;185;60; 15   ;керн-бяеяегнмйю;;;;;1575;1425;;8;;;
;;PRIMEORI; PREMIORRI  SOLAZO   ;185;60; 15   ;керн-бяеяегнмйю;;;;;1800;1545;;24;;;
;; BARUM   ; BARUM    BRILLIANTIS  2  84H ;185;60; 15   ;керн-бяеяегнмйю;;;;;2490;2340;;8;;;
;;MICHELIN; MICHELIN  ENERGY  XM2  84H ;185;60;15;керн-бяеяегнмйю;;;;;3150;2952;;4;;;
;;MICHELIN; MICHELIN  ENERGY  XM2  88T ;185;65; 15   ;керн-бяеяегнмйю;;;;;0;0;;0;;;
;; KAMA   ; KAMA  EVRO-236 ;185;65; 15   ;керн-бяеяегнмйю;;;;;1665;1485;;8;;;
;;MARSHAL; MARSHAL  92T  MH11  TL   ;185;65; 15   ;керн-бяеяегнмйю;;;;;2100;1950;;0;;;
;; BARUM   ; BARUM    BRILLIANTIS    88T ;185;65; 15   ;керн-бяеяегнмйю;;;;;1500;1350;;0;;;
;;BRIDGESTONE; BRIDGESTONE  EP-150  86H ;185;65; 15   ;керн-бяеяегнмйю;;;;;2400;2250;;4;;;
;;HANKOOK; HANKOOK  VENTUS  V12  EVO  K110  82V ;195;50; 15   ;керн-бяеяегнмйю;;;;;2400;2250;;0;;;
;;HANKOOK; HANKOOK  OPTIMO  K425  KINERGY  ECO  82H ;195;50; 15   ;керн-бяеяегнмйю;;;;;1650;1545;;0;;;
;;HANKOOK; HANKOOK  VENTUS  PRIME2  K115  82H ;195;50; 15   ;керн-бяеяегнмйю;;;;;2250;2028;;2;;;
;;ACCELERA; ACCELERA  ALPHA  82V ;195;50;15;керн-бяеяегнмйю;;;;;2100;1950;;0;;;
;;YOKOHAMA; YOKOHAMA  PA01  82V ;195;50; 15   ;керн-бяеяегнмйю;;;;;2100;1950;;0;;;
;;MICHELIN; MICHELIN  PE2  82H ;195;50; 15   ;керн-бяеяегнмйю;;;;;3150;2850;;4;;;
;;MICHELIN; MICHELIN  PILOT  SPORT  3  82V ;195;50; 15   ;керн-бяеяегнмйю;;;;;3150;2850;;0;;;
;; BARUM   ; BARUM  BRAVURIS  3  82H ;195;50; 15   ;керн-бяеяегнмйю;;;;;2250;2028;;2;;;
;;KUMHO; KUMHO  ECSTA  SPT  KU31  82H ;195;50; 15   ;керн-бяеяегнмйю;;;;;2400;2250;;8;;;
;;BRIDGESTONE; BRIDGESTONE  TURANZA  T001  82V ;195;50; 15   ;керн-бяеяегнмйю;;;;;1800;1650;;0;;;
;;BRIDGESTONE; BRIDGESTONE  TURANZA  T001  82H ;195;50; 15   ;керн-бяеяегнмйю;;;;;1800;1650;;0;;;
;;KOPMORAN; KOPMORAN  GAMMA  B2  82V ;195;50; 15   ;керн-бяеяегнмйю;;;;;0;0;;0;;;
;;TIGAR; TIGAR  PRIMA  82V ;195;50; 15   ;керн-бяеяегнмйю;;;;;2250;2100;;12;;;
;;KUMHO; KUMHO  ECSTA  SPT  KU31  85V ;195;55; 15   ;керн-бяеяегнмйю;;;;;2850;2700;;0;;;
;;NOKIAN; NOKIAN  HAKKA  H  XL  89H ;195;55; 15   ;керн-бяеяегнмйю;;;;;2700;2610;;2;;;
;;TOYO; TOYO  PROXES  CF2   ;195;55; 15   ;керн-бяеяегнмйю;;;;;2175;2025;;0;;;
;;PRIMEORI; PREMIORRI  SOLAZO   ;195;55; 15   ;керн-бяеяегнмйю;;;;;1950;1575;;24;;;
;;KAMA; йюлю  EURO  129  85H ;195;55; 15   ;керн-бяеяегнмйю;;;;;1800;1560;;12;;;
;;KAMA; йюлю  EURO  129  88H ;195;60; 15   ;керн-бяеяегнмйю;;;;;1800;1650;;20;;;
;;KUMHO; KUMHO  ECSTA  SPT  KU31  88V ;195;60; 15   ;керн-бяеяегнмйю;;;;;2640;2460;;7;;;
;;KUMHO; KUMHO  KR26  88H ;195;60; 15   ;керн-бяеяегнмйю;;;;;2460;2250;;8;;;
;; BARUM   ; BARUM  BRAVURIS-2 ;195;60; 15   ;керн-бяеяегнмйю;;;;;2340;2250;;0;;;
;;VREDESTEIN; VREDESTEIN  SPORTTRAC  5  88H ;195;60;15;керн-бяеяегнмйю;;;;;1950;1815;;0;;;
;;BRIDGESTONE; BRIDGESTONE    MY-02  Sporty  Style    88V  TL ;195;60; 15   ;керн-бяеяегнмйю;;;;;2850;2700;;0;;;
;;BRIDGESTONE; BRIDGESTONE  Ecopia  P-EP150  88H  TL ;195;60; 15   ;керн-бяеяегнмйю;;;;;2700;2550;;0;;;
;;GOODYEAR; GOODYEAR  EFFICIENTGRIP  88H ;195;60; 15   ;керн-бяеяегнмйю;;;;;1950;1800;;0;;;
;;MICHELIN; MICHELIN  ENERGY  XM2  88H ;195;60;15;керн-бяеяегнмйю;;;;;3300;3000;;8;;;
;;PRIMEORI; PREMIORRI  SOLAZO   ;195;60; 15   ;керн-бяеяегнмйю;;;;;1800;1650;;40;;;
;; ROSAVA   ; ROSAVA  S-49  QUARTUM ;195;60; 15   ;керн-бяеяегнмйю;;;;;1560;1440;;20;;;
;; ROSAVA   ; ROSAVA  S-49  QUARTUM ;195;65;15;керн-бяеяегнмйю;;;;;1620;1500;;24;;;
;; ROSAVA   ; ROSAVA  SQ-201   ;195;65;15;керн-бяеяегнмйю;;;;;1650;1500;;24;;;
;;PRIMEORI; PREMIORRI  SOLAZO   ;195;65;15;керн-бяеяегнмйю;;;;;1650;1590;;80;;;
;;KUMHO; KUMHO  ECSTA  SPT  KU31  91V ;195;65;15;керн-бяеяегнмйю;;;;;2400;2250;;0;;;
;;KUMHO; KUMHO  KR26  91H ;195;65;15;керн-бяеяегнмйю;;;;;2250;2055;;0;;;
;;KUMHO; KUMHO  ECSTA  KH11  91H ;195;65;15;керн-бяеяегнмйю;;;;;2325;2175;;0;;;
;;BRIDGESTONE; BRIDGESTONE    MY-02  Sporty  Style      91V   ;195;65;15;керн-бяеяегнмйю;;;;;2400;2250;;0;;;
;;CORDIANT; CORDIANT  EXCELLENCE  91H ;195;65;15;керн-бяеяегнмйю;;;;;0;0;;0;;;
;;GOODYEAR; GOODYEAR  EFFICIENTGRIP  COMPACT  91T ;195;65;15;керн-бяеяегнмйю;;;;;2550;2397;;8;;;
;;CORDIANT; CORDIANT  COMFORT  91H ;195;65;15;керн-бяеяегнмйю;;;;;1500;1650;;2;;;
;;MICHELIN; MICHELIN  ENERGY  SAVER  91H ;195;65;15;керн-бяеяегнмйю;;;;;1950;1800;;0;;;
;;MICHELIN; MICHELIN  ENERGY  XM2  91T   ;195;65;15;керн-бяеяегнмйю;;;;;2700;2550;;24;;;
;;BELSHINA; BELSHINA  аек-119   ;195;65; 15   ;керн-бяеяегнмйю;;;;;1695;1590;;20;;;
;;KAMA; йюлю  EURO  129   ;195;65;15;керн-бяеяегнмйю;;;;;1800;1650;;20;;;
;; BARUM   ; BARUM    BRILLIANTIS  2  91H ;195;65; 15   ;керн-бяеяегнмйю;;;;;2160;1980;;4;;;
;; BARUM   ; BARUM  BRAVURIS  2 ;195;65; 15   ;керн-бяеяегнмйю;;;;;1500;1410;;0;;;
;;Viatti; Viatti    Strada  Asimmetrico  V-130  91H ;195;65;15;керн-бяеяегнмйю;;;;;1650;1500;;8;;;
;;DEBICA; DEBICA  PASSIO  2  91T ;195;65; 15   ;керн-бяеяегнмйю;;;;;2100;1953;;4;;;
;;DEBICA; DEBICA  NAVIGATOR  2    M+S  91T ;195;65; 15   ;керн-бяеяегнмйю;;;;;2250;2070;;12;;;
;;FULDA; FULDA  ECOCONTROL   ;195;65; 15   ;керн-бяеяегнмйю;;;;;2295;2139;;6;;;
;;YOKOHAMA; YOKOHAMA  AA01  91T ;195;65; 15   ;керн-бяеяегнмйю;;;;;1740;1620;;0;;;
;;CONTINENTAL; CONTINENTAL  ContiPremiumContact  2  91H ;195;65;15;керн-бяеяегнмйю;;;;;1890;1740;;0;;;
;;KLEBER; KLEBER  DYNAXER  HP3   ;195;65; 15   ;керн-бяеяегнмйю;;;;;0;0;;0;;;
;;CONTINENTAL; CONTINENTAL  ContiEcoContact  3 ;195;65; 15   ;керн-бяеяегнмйю;;;;;1890;1710;;0;;;
;;CONTINENTAL; CONTINENTAL  ContiPremiumContact  5  91H ;195;65;15;керн-бяеяегнмйю;;;;;1890;1740;;0;;;
;;NEXEN; NEXEN  89H  NBLUE  ECO   ;195;65;15;керн-бяеяегнмйю;;;;;2160;2070;;0;;;
;; BARUM   ; BARUM  BRAVURIS-2  91H ;205;60; 15   ;керн-бяеяегнмйю;;;;;1875;1695;;0;;;
;;SAVA; SAVA  INTENSA  HP ;205;60; 15   ;керн-бяеяегнмйю;;;;;2850;2583;;6;;;
;;KUMHO; KUMHO  KR26  91H ;205;60; 15   ;керн-бяеяегнмйю;;;;;2640;2475;;4;;;
;; BARUM   ; BARUM  BRAVURIS-2  94H ;205;65; 15   ;керн-бяеяегнмйю;;;;;2040;1890;;0;;;
;;BELSHINA; BELSHINA  аек-123 ;205;65; 15   ;керн-бяеяегнмйю;;;;;1620;1494;;0;;;
;;NEXEN; NEXEN  92H  NBLUE  ECO   ;205;65;15;керн-бяеяегнмйю;;;;;2640;2505;;12;;;
;; KUMHO   ; KUMHO  KU31 ;205;65; 15   ;керн-бяеяегнмйю;;;;;3000;2790;;8;;;
;; KUMHO   ; KUMHO  ECSTA  KH11  94V ;205;65; 15   ;керн-бяеяегнмйю;;;;;2850;2670;;2;;;
;;HANKOOK; HANKOOK  Kinergy  Eco  K  425   ;205;65; 15   ;керн-бяеяегнмйю;;;;;3000;2715;;12;;;
;;KAMA; йюлю-204  94T   ;205;65; 15   ;керн-бяеяегнмйю;;;;;1875;1725;;4;;;
;;KAMA; йюлю  EURO  129  94H ;205;65; 15   ;керн-бяеяегнмйю;;;;;1950;1800;;0;;;
;; ROSAVA   ; ROSAVA  S-49  QUARTUM ;205;65; 15   ;керн-бяеяегнмйю;;;;;1950;1725;;24;;;
;;BELSHINA; BELSHINA  аек  99 ;205;65; 15   ;керн-бяеяегнмйю;;;;;1800;1734;;40;;;
;; ROSAVA   ; ROSAVA  SQ-201   ;205;65;15;керн-бяеяегнмйю;;;;;1950;1755;;12;;;
;;MICHELIN; MICHELIN    LATITTUDE  TOUR  94T ;205;65;15;керн-бяеяегнмйю;;;;;4050;3690;;4;;;
;;MICHELIN; MICHELIN  ENERGY  XM2  94H ;205;65;15;керн-бяеяегнмйю;;;;;2640;2490;;0;;;
;; NEXEN   ; NEXEN  CP-641  94V ;205;65; 15   ;керн-бяеяегнмйю;;;;;1800;1620;;0;;;
;;FULDA; FULDA    CARAT    PROGRESSO ;205;65; 15   ;керн-бяеяегнмйю;;;;;2160;2040;;0;;;
;;NOKIAN; NOKIAN  HAKKA  GREEN  99H  XL ;205;65; 15   ;керн-бяеяегнмйю;;;;;2400;2220;;0;;;
;;SAVA; SAVA  INTENSA  HP  94H ;205;65; 15   ;керн-бяеяегнмйю;;;;;2250;2100;;0;;;
;;TOYO; TOYO  NE02  94H ;205;65; 15   ;керн-бяеяегнмйю;;;;;2340;2100;;0;;;
;;BELSHINA; BELSHINA  аек-121  96T ;205;70; 15   ;керн-бяеяегнмйю;;;;;1950;1845;;12;;;
;; ROSAVA   ; ROSAVA  бя-54  мхбю  4у4 ;205;70; 15   ;керн-бяеяегнмйю;;;;;1950;1725;;8;;;
;;MICHELIN; MICHELIN  X-RADIAL  95T ;205;70;15;керн-бяеяегнмйю;;;;;3750;3504;;4;;;
;;KAMA; йюлю  EURO-228   ;205;75; 15   ;керн-бяеяегнмйю;;;;;2250;2100;;4;;;
;;TOYO; TOYO  TEO  PLUS  94H ;215;60;15;керн-бяеяегнмйю;;;;;3000;2766;;8;;;
;;KUMHO; KUMHO  KR26  96H ;215;65;15;керн-бяеяегнмйю;;;;;3000;2850;;8;;;
;;FALKEN; FALKEN  ZE912  96H ;225;60;15;керн-бяеяегнмйю;;;;;2700;2550;;0;;;
;;MATADOR; MATADOR  MP71  108T  XL ;235;75; 15   ;керн-бяеяегнмйю;;;;;2640;2520;;0;;;
;;TOYO; TOYO  EXTENSA  AS   ;235;75;15;керн-бяеяегнмйю;;;;;2400;2100;;0;;;
;; ROSAVA   ; ROSAVA  бя-55 ;235;75;15;керн-бяеяегнмйю;;;;;2700;2565;;4;;;
;;NOKIAN; NOKIAN  HAKKA  SUV  105T ;235;75;15;керн-бяеяегнмйю;;;;;2550;2385;;0;;;
;;ньг; ньг  ъ-192 ;8;40;15;керн-бяеяегнмйю;;;;;3000;2940;;12;;;
;;бкрс; бкх-5  бкрс ;175;80; 16   ;керн-бяеяегнмйю;;;;;1950;1800;;8;;;
;;ROSAVA; ROSAVA  бя-54  мхбю  4у4 ;185;75;16;керн-бяеяегнмйю;;;;;1950;1755;;12;;;
;;BARUM; BRAVURIS  3  83V  TL  FR   ;205;45; 16   ;керн-бяеяегнмйю;;;;;3240;2952;;4;;;
;;BARUM; BARUM  BRAVURIS  3  91V ;205;55;16;керн-бяеяегнмйю;;;;;3000;2766;;4;;;
;;BRIDGESTONE; BRIDGESTONE  TURANZA  ECOPIA  ER300  91V ;205;55; 16   ;керн-бяеяегнмйю;;;;;2640;2400;;0;;;
;;BRIDGESTONE; BRIDGESTONE    MY-02  Sporty  Style    91V   ;205;55; 16   ;керн-бяеяегнмйю;;;;;3450;3060;;0;;;
;;BRIDGESTONE; BRIDGESTONE  TURANZA  T001    94W ;205;55;16;керн-бяеяегнмйю;;;;;2460;3150;;0;;;
;;BRIDGESTONE; BRIDGESTONE  Ecopia  EP200  91V ;205;55;16;керн-бяеяегнмйю;;;;;3300;3060;;0;;;
;;GOODYEAR; GOODYEAR  EFFICIENTGRIP   ;205;55; 16   ;керн-бяеяегнмйю;;;;;2250;2091;;0;;;
;;GOOD-YEAR; GOODYEAR  EXCELLENCE   ;205;55; 16   ;керн-бяеяегнмйю;;;;;2355;2205;;0;;;
;; KUMHO   ; KUMHO  ECSTA  SPT  KU31  91V ;205;55; 16   ;керн-бяеяегнмйю;;;;;3000;2850;;32;;;
;;NEXEN; NEXEN  NBLUE  HD  91V ;205;55;16;керн-бяеяегнмйю;;;;;1740;1575;;0;;;
;;PRIMEORI; PREMIORRI  SOLAZO   ;205;55;16;керн-бяеяегнмйю;;;;;1950;1800;;60;;;
;;CORDIANT; CORDIANT  ROAD  RUNNER  RS-1  94H ;205;55;16;керн-бяеяегнмйю;;;;;2550;2250;;4;;;
;;KAMA; йюлю  EURO  129  91H ;205;55;16;керн-бяеяегнмйю;;;;;1950;1725;;0;;;
;;HANKOOK; HANKOOK  VENTUS  PRIME2  K115  91H ;205;55; 16   ;керн-бяеяегнмйю;;;;;2550;2400;;0;;;
;;HANKOOK; HANKOOK  OPTIMO  K425  KINERGY  ECO  91H ;205;55; 16   ;керн-бяеяегнмйю;;;;;3150;2952;;4;;;
;;HANKOOK; HANKOOK  OPTIMO  K425  KINERGY  ECO  91V ;205;55; 16   ;керн-бяеяегнмйю;;;;;2550;2400;;0;;;
;;MICHELIN; MICHELIN  ENERGY  SAVER  91V ;205;55; 16   ;керн-бяеяегнмйю;;;;;3900;3615;;4;;;
;;MICHELIN; MICHELIN  ENERGY  SAVER  91V ;205;55; 16   ;керн-бяеяегнмйю;;;;;3900;3615;;4;;;
;;MICHELIN; MICHELIN  PRIMACY  3  91V ;205;55; 16   ;керн-бяеяегнмйю;;;;;3900;3615;;18;;;
;;CONTINENTAL; CONTINENTAL  ContiPremiumContact  5  *  91H ;205;55;16;керн-бяеяегнмйю;;;;;3840;3504;;0;;;
;;CONTINENTAL; CONTINENTAL  ContiPremiumContact  MO  91H ;205;55;16;керн-бяеяегнмйю;;;;;2640;2379;;0;;;
;;CONTINENTAL; CONTINENTAL  ContiPremiumContact  2  91V ;205;55;16;керн-бяеяегнмйю;;;;;2550;2325;;0;;;
;;CONTINENTAL; CONTINENTAL  ContiSportContact  2  91W ;205;55;16;керн-бяеяегнмйю;;;;;2550;2310;;0;;;
;;CONTINENTAL; CONTINENTAL  ContiSportContact  2  91H ;205;55;16;керн-бяеяегнмйю;;;;;2550;2400;;0;;;
;;VREDESTEIN; VREDESTEIN  SPORTTRAC  5  91H ;205;55;16;керн-бяеяегнмйю;;;;;2250;1980;;0;;;
;;YOKOHAMA; YOKOHAMA  AC02  91V ;205;55;16;керн-бяеяегнмйю;;;;;3450;3246;;12;;;
;;KLEBER; KLEBER  DYNAXER  HP3   ;205;55;16;керн-бяеяегнмйю;;;;;3000;2766;;4;;;
;;TOYO; TOYO  VARIO  V2+  91H   ;205;55;16;керн-бяеяегнмйю;;;;;3300;3000;;8;;;
;;PRIMEORI; PREMIORRI  SOLAZO   ;205;60;16;керн-бяеяегнмйю;;;;;2100;1950;;28;;;
;;MICHELIN; MICHELIN  ENERGY  SAVER  92W ;205;60;16;керн-бяеяегнмйю;;;;;4500;4350;;0;;;
;;MICHELIN; MICHELIN  PRIMACY  3  96W  XL   ;205;60;16;керн-бяеяегнмйю;;;;;4965;4665;;0;;;
;;CONTINENTAL; CONTINENTAL  ContiPremiumContact  2  *  92H ;205;60;16;керн-бяеяегнмйю;;;;;3240;3000;;0;;;
;; KUMHO   ; KUMHO  KU31  92V ;205;60; 16   ;керн-бяеяегнмйю;;;;;3600;3300;;8;;;
;; KUMHO   ; KUMHO  KR26  92H ;205;60; 16   ;керн-бяеяегнмйю;;;;;3300;3000;;4;;;
;;TOYO; TOYO  92V  PROXES  CF2   ;205;60; 16   ;керн-бяеяегнмйю;;;;;3750;3525;;4;;;
;;BRIDGESTONE; Ecopia  EP200  92V  TL ;205;60; 16   ;керн-бяеяегнмйю;;;;;4050;3825;;4;;;
;;HANKOOK; HANKOOK  K117 ;205;60; 16   ;керн-бяеяегнмйю;;;;;3450;3300;;0;;;
;;HANKOOK; HANKOOK  K114  95V ;205;65; 16   ;керн-бяеяегнмйю;;;;;4200;3900;;4;;;
;;KAMA; KAMA  FLEME  91Q ;205;70; 16   ;керн-бяеяегнмйю;;;;;3150;2895;;0;;;
;;MICHELIN; MICHELIN  PRIMACY  3  97V  XL   ;215;55; 16   ;керн-бяеяегнмйю;;;;;5850;5550;;4;;;
;;DUNLOP; DUNLOP  DZ101  93V ;215;55;16;керн-бяеяегнмйю;;;;;4350;4050;;4;;;
;;PRIMEORI; PREMIORRI  SOLAZO   ;215;55;16;керн-бяеяегнмйю;;;;;2250;2100;;20;;;
;; KUMHO   ; KUMHO  KU31  XL  97W ;215;55; 16   ;керн-бяеяегнмйю;;;;;4050;3750;;12;;;
;;BRIDGESTONE; BRIDGESTONE  ADRENALIN  RE002  97W  XL ;215;55; 16   ;керн-бяеяегнмйю;;;;;3600;3300;;0;;;
;;BELSHINA; BELSHINA  аек-223  99H ;215;60; 16   ;керн-бяеяегнмйю;;;;;1950;1800;;0;;;
;; TOYO   ; TOYO  EXTENSA  A/S  98T ;215;60; 16   ;керн-бяеяегнмйю;;;;;2850;2700;;0;;;
;;GOODYEAR; GOODYEAR  EXCELLENCE   ;215;60; 16   ;керн-бяеяегнмйю;;;;;0;0;;0;;;
;; NEXEN   ; NEXEN  CP641 ;215;60; 16   ;керн-бяеяегнмйю;;;;;2160;1950;;0;;;
;;MICHELIN; MICHELIN  ENERGY  SAVER  95H ;215;60; 16   ;керн-бяеяегнмйю;;;;;3450;3150;;0;;;
;;BRIDGESTONE; BRIDGESTONE  B250  95H ;215;60; 16   ;керн-бяеяегнмйю;;;;;4170;3873;;4;;;
;;MICHELIN; MICHELIN  PRIMACY  HP  99V  XL ;215;60; 16   ;керн-бяеяегнмйю;;;;;5550;5166;;6;;;
;;VREDESTEIN; VREDESTEIN  SPORTTRAC  5  XL  99H ;215;60; 16   ;керн-бяеяегнмйю;;;;;3150;2925;;0;;;
;;PRIMEORI; PREMIORRI  SOLAZO   ;215;60; 16   ;керн-бяеяегнмйю;;;;;2400;2190;;46;;;
;; KUMHO   ; KUMHO  KU31  XL  95V ;215;60; 16   ;керн-бяеяегнмйю;;;;;3750;3450;;0;;;
;; KUMHO   ; KUMHO  KR26  95H ;215;60; 16   ;керн-бяеяегнмйю;;;;;3600;3300;;0;;;
;;HANKOOK; HANKOOK  Dynapro  HP2  102р  XL  RA33 ;215;65;16;керн-бяеяегнмйю;;;;;4350;4056;;12;;;
;;HANKOOK; HANKOOK  K425  98H ;215;65;16;керн-бяеяегнмйю;;;;;4350;4056;;2;;;
;;PRIMEORI; PREMIORRI  SOLAZO   ;215;65;16;керн-бяеяегнмйю;;;;;2550;2400;;72;;;
;;Viatti; Viatti  98H  BOSKO  A/T  V237   ;215;65;16;керн-бяеяегнмйю;;;;;3000;2700;;12;;;
;;AMTEL; AMTEL  CRUISE  4x4/K-393  98H ;215;65;16;керн-бяеяегнмйю;;;;;2640;2400;;2;;;
;;FULDA; FULDA  4x4  Road  98H   ;215;65; 16   ;керн-бяеяегнмйю;;;;;0;0;;0;;;
;;FULDA; FULDA  EcoControl  HP  98H ;215;65; 16   ;керн-бяеяегнмйю;;;;;4200;3900;;4;;;
;;BRIDGESTONE; BRIDGESTONE  ER300  98H ;215;65; 16   ;керн-бяеяегнмйю;;;;;3150;2790;;0;;;
;;BELSHINA; BELSHINA  аек-220 ;215;65; 16   ;керн-бяеяегнмйю;;;;;2475;2322;;40;;;
;;BELSHINA; BELSHINA  аек-205 ;215;65; 16   ;керн-бяеяегнмйю;;;;;2475;2370;;24;;;
;;KAMA; KAMA  214  102Q ;215;65; 16   ;керн-бяеяегнмйю;;;;;2400;2250;;12;;;
;;MATADOR; MATADOR  MP82  98T ;215;65; 16   ;керн-бяеяегнмйю;;;;;3540;3150;;0;;;
;; NEXEN   ; NEXEN  N  PRIZA  4S  M+S ;215;65; 16   ;керн-бяеяегнмйю;;;;;3150;2850;;4;;;
;; MICHELIN   ; MICHELIN  X  RADIAL  98р ;215;65; 16   ;керн-бяеяегнмйю;;;;;4650;4425;;2;;;
;;MICHELIN; MICHELIN  LATITUDE  CROSS  102H  XL ;215;65;16;керн-бяеяегнмйю;;;;;5250;4800;;4;;;
;; MICHELIN   ; MICHELIN    LATITUDE  DIAMARIS  98H ;215;65; 16   ;керн-бяеяегнмйю;;;;;4950;4695;;12;;;
;;CONTINENTAL; CONTINENTAL  ContiPremiumContact  5  98H ;215;65; 16   ;керн-бяеяегнмйю;;;;;3300;3045;;0;;;
;;CONTINENTAL; CONTINENTAL  ContiPremiumContact  2  98H ;215;65; 16   ;керн-бяеяегнмйю;;;;;4800;4611;;2;;;
;; BARUM   ; BARUM  BRAVURIS  4X4  98H ;215;65; 16   ;керн-бяеяегнмйю;;;;;0;0;;0;;;
;;UNIROYAL; UNIROYAL  RALLYE  4X4 ;215;65; 16   ;керн-бяеяегнмйю;;;;;4050;3798;;4;;;
;; TOYO   ; TOYO  EXTENSA  A/S  98T ;215;65; 16   ;керн-бяеяегнмйю;;;;;2880;2715;;0;;;
;;MICHELIN; MICHELIN  LATITUDE  TOUR  HP  100H ;215;70;16;керн-бяеяегнмйю;;;;;0;0;;0;;;
;;BARUM; BARUM  BRAVURIS  4x4  100H ;215;70;16;керн-бяеяегнмйю;;;;;2700;2550;;0;;;
;;MICHELIN; MICHELIN  PRIMACY  3    95V ;225;55;16;керн-бяеяегнмйю;;;;;4650;4320;;0;;;
;; TOYO   ; TOYO  PROXES  C1S  XL  99W ;225;55; 16   ;керн-бяеяегнмйю;;;;;4650;4350;;4;;;
;;AMTEL; AMTEL  T-301 ;225;55; 16   ;керн-бяеяегнмйю;;;;;2400;2250;;0;;;
;;KUMHO; KUMHO  KU31  XL  99W ;225;55; 16   ;керн-бяеяегнмйю;;;;;4200;3810;;0;;;
;;BRIDGESTONE; BRIDGESTONE  DUELER  H/P  SPORT ;235;60; 16   ;керн-бяеяегнмйю;;;;;3510;3225;;0;;;
;; KUMHO   ; KUMHO  KU31  104V ;235;60; 16   ;керн-бяеяегнмйю;;;;;4650;4200;;0;;;
;;MARSHAL; MARSHAL  100H  MH11  TL   ;235;60; 16   ;керн-бяеяегнмйю;;;;;4350;4050;;0;;;
;; NEXEN   ; NEXEN  NBLUE  HD  100H ;235;60; 16   ;керн-бяеяегнмйю;;;;;2640;2340;;0;;;
;; BARUM   ; BARUM  BRAVURIS  4X4  100H ;235;60; 16   ;керн-бяеяегнмйю;;;;;4140;3870;;0;;;
;; MICHELIN     ; MICHELIN    LATITUDE  TOUR  HP  100H ;235;60; 16   ;керн-бяеяегнмйю;;;;;4050;3531;;0;;;
;; BARUM   ; BARUM  BRAVURIS  4X4   ;245;70;16;керн-бяеяегнмйю;;;;;4650;4245;;4;;;
;;TOYO; TOYO  PROXES  S/T  II  112V ;265;70;16;керн-бяеяегнмйю;;;;;5904;5610;;0;;;
;;TOYO; TOYO  TEO  PLUS  94V ;215;55; 17   ;керн-бяеяегнмйю;;;;;4950;4611;;2;;;
;;TOYO; TOYO  EXTENSA  HP  93V ;215;55; 17   ;керн-бяеяегнмйю;;;;;5160;4860;;4;;;
;;BRIDGESTONE; BRIDGESTONE  TURANZA  ER300  94V ;215;55;17;керн-бяеяегнмйю;;;;;0;0;;0;;;
;; NEXEN   ; NEXEN  CP641  96H ;215;60; 17   ;керн-бяеяегнмйю;;;;;2550;2115;;0;;;
;;MICHELIN; MICHELIN  PILOT  SPORT  3  94Y  XL ;225;45;17;керн-бяеяегнмйю;;;;;6000;5718;;0;;;
;;SAVA; SAVA  INTENSA  UHP  91Y ;225;45;17;керн-бяеяегнмйю;;;;;3750;3450;;0;;;
;;VREDESTEIN; VREDESTEIN  ULTREC  SESSANTA  94Y ;225;45; 17   ;керн-бяеяегнмйю;;;;;3000;2850;;0;;;
;;YOKOHAMA; YOKOHAMA  AC02A  91V ;225;45;17;керн-бяеяегнмйю;;;;;4650;4350;;4;;;
;;TOYO; TOYO  EXTENSA  HP  93V ;225;50; 17   ;керн-бяеяегнмйю;;;;;4800;4650;;0;;;
;; TOYO   ; TOYO  DRB  94V ;225;50; 17   ;керн-бяеяегнмйю;;;;;3000;2790;;0;;;
;;KUMHO; KUMHO  KU31  XL  98W ;225;50; 17   ;керн-бяеяегнмйю;;;;;4650;4350;;24;;;
;;TOYO; TOYO  PROXES  S/T  II  97V ;225;55;17;керн-бяеяегнмйю;;;;;4350;4140;;0;;;
;;KUMHO; KUMHO  KU31  XL  101W ;225;55;17;керн-бяеяегнмйю;;;;;5250;4950;;4;;;
;;MICHELIN; MICHELIN  ENERGY  LX4  101S ;225;65;17;керн-бяеяегнмйю;;;;;3750;3390;;0;;;
;;ROADSTONE; ROADSTONE  NBLUE  ECO  100H ;225;65; 17   ;керн-бяеяегнмйю;;;;;4500;4050;;4;;;
;;TOYO; TOYO  VERSADO  102H ;225;65; 17   ;керн-бяеяегнмйю;;;;;4500;4200;;0;;;
;;MICHELIN; MICHELIN  PRIMACY  3  XL  97W ;235;45;17;керн-бяеяегнмйю;;;;;0;0;;0;;;
;;TOYO; TOYO  EXTENSA  HP  97V ;235;45;17;керн-бяеяегнмйю;;;;;4650;4200;;2;;;
;;TOYO; TOYO  DRB  94W ;235;45;17;керн-бяеяегнмйю;;;;;0;0;;0;;;
;;YOKOHAMA; YOKOHAMA  V103  100W ;235;50;17;керн-бяеяегнмйю;;;;;7500;7194;;4;;;
;;TOYO; TOYO  PXC100  103W  XL ;235;55;17;керн-бяеяегнмйю;;;;;0;0;;0;;;
;;KUMHO; KUMHO  KL21  104T ;235;65;17;керн-бяеяегнмйю;;;;;4650;4230;;0;;;
;;HANKOOK; HANKOOK  108V  Dynapro  HP2  RA33   ;235;65;17;керн-бяеяегнмйю;;;;;5250;4950;;12;;;
;; NEXEN   ; NEXEN  ROADIANT  HT  103S ;235;65;17;керн-бяеяегнмйю;;;;;3210;2910;;0;;;
;;TOYO; TOYO  PROXES  S/T  II  104V ;235;65;17;керн-бяеяегнмйю;;;;;3900;3600;;0;;;
;; FALKEN   ; FALKEN  ZE-912  108V ;235;65; 17   ;керн-бяеяегнмйю;;;;;4200;3720;;0;;;
;;TOYO; TOYO  PROXES  S/T  110V ;255;60;17;керн-бяеяегнмйю;;;;;4440;3960;;0;;;
;;BRIDGESTONE; BRIDGESTONE  D840  112S ;265;65;17;керн-бяеяегнмйю;;;;;7500;6825;;8;;;
;;TOYO; TOYO  OPEN  COUNTRY  A/T ;265;65;17;керн-бяеяегнмйю;;;;;4650;4350;;0;;;
;;NOKIAN; NOKIAN  HAKKA  SUV  XL  116H ;265;65;17;керн-бяеяегнмйю;;;;;6750;6270;;4;;;
;;KUMHO; KUMHO  KU31 ;225;45; 18   ;керн-бяеяегнмйю;;;;;3750;3390;;0;;;
;; MICHELIN   ; MICHELIN  LATITUDE  DIAMARIS  98V ;225;55;18;керн-бяеяегнмйю;;;;;5310;5010;;0;;;
;;YOKOHAMA; YOKOHAMA  PA02  100V ;235;55;18;керн-бяеяегнмйю;;;;;4650;4455;;0;;;
;; NEXEN   ; NEXEN  ROADIANT  HT   ;235;60;18;керн-бяеяегнмйю;;;;;5100;4797;;4;;;
;;DUNLOP; DUNLOP  SP  Sport  9000  93W ;245;40; 18   ;керн-бяеяегнмйю;;;;;4950;4650;;0;;;
;;DUNLOP; DUNLOP  SPORTMAXX  97Y ;245;45;18;керн-бяеяегнмйю;;;;;0;0;;0;;;
;;   TOYO ; TOYO  EXTENSA  HP  100W ;245;45;18;керн-бяеяегнмйю;;;;;6300;5904;;4;;;
;;TOYO; TOYO  PROXES  S/T  109V ;255;55;18;керн-бяеяегнмйю;;;;;6900;6456;;0;;;
;; BARUM   ; BARUM  BRAVURIS  4X4  109V ;255;55;18;керн-бяеяегнмйю;;;;;3750;3258;;0;;;
;;TOYO; TOYO  PROXES  S/T  II  106W ;275;40;20;керн-бяеяегнмйю;;;;;5700;5550;;0;;;
;;TOYO; TOYO  PROXES  S/T  II  110W ;315;35;20;керн-бяеяегнмйю;;;;;7500;7500;;0;;;
;; BARUM   ; BARUM  POLARIS  3  75T ;155;70; 13   ;гхлю;;;;;1140;960;;0;;;
;; DEBICA   ; DEBICA  FRIGO  DIRECTIONAL  75T ;155;70; 13   ;гхлю;;;;;1020;960;;0;;;
;;KUMHO; KUMHO  KW  31  75R   ;155;70; 13   ;гхлю;;;;;1260;1200;;0;;;
;;DIPLOMAT; DIPLOMAT  WINTER  M+S ;155;70; 13   ;гхлю;;;;;990;930;;0;;;
;;MENTOR; MENTOR  M200 ;155;70; 13   ;гхлю;;;;;1050;915;;0;;;
;;SAVA; SAVA  ESKIMO  S3+ ;155;70; 13   ;гхлю;;;;;1050;930;;0;;;
;;FULDA; FULDA  KRISTALL  MONTERO  2  75Q ;155;70; 13   ;гхлю;;;;;1200;1110;;0;;;
;;BELSHINA; BELSHINA  BEL-395 ;155;70; 13   ;гхлю;;;;;0;0;;0;;;
;;AMTEL; AMTEL  CL  234B ;165;70; 13   ;гхлю;;;;;1140;1050;;0;;;
;;SAVA; SAVA  ESKIMO  S3 ;165;70; 13   ;гхлю;;;;;1500;1350;;1;;;
;; BARUM   ; BARUM  POLARIS  3   ;175;70; 13   ;гхлю;;;;;1170;1110;;0;;;
;;BF-GOODRICH; BFGOOGRICH  G-FORCE  STUD  82Q ;175;70; 13   ;гхлю;;;;;1620;1395;;0;;;
;;BF-GOODRICH; BFGOODRICH  WINTER  G  82T ;175;70; 13   ;гхлю;;;;;1560;1320;;0;;;
;;BRIDGESTONE; BRIGESTONE  BLIZZAK  REVO-GZ  82S ;175;70; 13   ;гхлю;;;;;1725;1596;;0;;;
;;BRIDGESTONE; BRIGESTONE  LM20 ;175;70;13;гхлю;;;;;1800;1650;;0;;;
;; DEBICA   ; DEBICA  FRIGO  2 ;175;70;13;гхлю;;;;;1200;1125;;0;;;
;;FALKEN; FALKEN  SN439 ;175;70; 13   ;гхлю;;;;;1440;1230;;0;;;
;;FULDA; FULDA  KRISTALL  MONTERO  3  82T ;175;70;13;гхлю;;;;;1350;1230;;0;;;
;;KUMHO; KUMHO  KW7400 ;175;70;13;гхлю;;;;;1125;1020;;0;;;
;;HANKOOK; HANKOOK  W442  82T ;175;70; 13   ;гхлю;;;;;1350;1230;;0;;;
;;HANKOOK; HANKOOK  W605  82Q ;175;70;13;гхлю;;;;;1350;1290;;0;;;
;;HANKOOK; HANKOOK  W419  82T ;175;70; 13   ;гхлю;;;;;1380;1290;;0;;;
;; RIKEN   ; RIKEN  ALLSTAR  онд  ьхо  82T ;175;70; 13   ;гхлю;;;;;1140;1005;;0;;;
;;DIPLOMAT; DIPLOMAT  WINTER  M+S  82T ;175;70; 13   ;гхлю;;;;;1260;1140;;0;;;
;;DEWOO; DEWOO  MATTERHORN ;175;70; 13   ;гхлю;;;;;1140;1020;;0;;;
;;KLEBER; KLEBER  KRISALP  HP  82T ;175;70; 13   ;гхлю;;;;;1800;1650;;1;;;
;;MATADOR; MATADOR  MP52  82T ;175;70;13;гхлю;;;;;1200;1080;;0;;;
;;NORDMAN; NORDMAN  RS  82R ;175;70;13;гхлю;;;;;1410;1320;;0;;;
;;NOKIAN; NOKIAN  W+  82T ;175;70; 13   ;гхлю;;;;;1440;1320;;0;;;
;;NOKIAN; NOKIAN  WR  G2  82T ;175;70; 13   ;гхлю;;;;;1500;1350;;0;;;
;;NOKIAN; NOKIAN  HKPL  R  82R ;175;70; 13   ;гхлю;;;;;1560;1440;;0;;;
;;YOKOHAMA; YOKOHAMA  Ice  GUARD  Ig35 ;175;70; 13   ;гхлю;;;;;1440;1320;;0;;;
;;DUNLOP; DONLOP  GRASPIC  DS-3 ;175;70; 13   ;гхлю;;;;;1560;1440;;0;;;
;; MICHELIN   ; MICHELIN  ALPIN  A3  82T ;175;70; 13   ;гхлю;;;;;2850;2700;;4;;;
;; MICHELIN   ; MICHELIN  X-ICE  XI3  86T ;175;70; 13   ;гхлю;;;;;2850;2700;;4;;;
;;ROSAVA; ROSAVA  WQ  101 ;175;70; 13   ;гхлю;;;;;1350;1200;;8;;;
;;ROSAVA; ROSAVA  WQ102 ;175;70;13;гхлю;;;;;1350;1200;;20;;;
;; SAILUN   ; SAILUN  WST1  82T ;175;70; 13   ;гхлю;;;;;1350;1200;;0;;;
;;SAVA; SAVA  ESKIMO  S3+  82T ;175;70; 13   ;гхлю;;;;;1170;1110;;0;;;
;; SUNNY   ; SUNNY  SN3860  82T ;175;70; 13   ;гхлю;;;;;1350;1200;;0;;;
;;VREDESTEIN; VREDESTEIN  SNOWTRAC  3  82T ;175;70; 13   ;гхлю;;;;;1560;1440;;0;;;
;;SAMURAI; SAMURAI  SATOYA ;175;70; 13   ;гхлю;;;;;960;900;;0;;;
;;AMTEL; AMTEL    NM-310/K-262  82Q ;175;70;13;гхлю;;;;;1050;1005;;0;;;
;;AMTEL; AMTEL  NM-2/M501  82T ;175;70;13;гхлю;;;;;1050;1005;;0;;;
;;AMTEL; AMTEL  NM-ST/224B  82Q ;175;70;13;гхлю;;;;;1050;1005;;0;;;
;;KAMA; йюлю  505  82T ;175;70; 13   ;гхлю;;;;;1110;1026;;0;;;
;;KAMA; йюлю  505  ЬХО  82T ;175;70; 13   ;гхлю;;;;;1140;1074;;0;;;
;;KOPMORAN; KOPMORAN  SNOWPRO  B2  82T ;175;70; 13   ;гхлю;;;;;1125;1035;;0;;;
;;KAMA; йюлю  EURO  518  ЬХО  82T ;175;70; 13   ;гхлю;;;;;1140;1065;;0;;;
;;KAMA; йюлю  EURO  518  82T ;175;70; 13   ;гхлю;;;;;1110;1035;;0;;;
;;KAMA; йюлю  EURO  519  ЬХО  82T ;175;70; 13   ;гхлю;;;;;1200;1140;;0;;;
;;BELSHINA; BELSHINA  аек  127 ;175;70; 13   ;гхлю;;;;;1050;1005;;0;;;
;;BELSHINA; BELSHINA  аек  188M  ОНД  ЬХО ;175;70; 13   ;гхлю;;;;;1350;1275;;8;;;
;;BELSHINA; BELSHINA  аек  188 ;175;70; 13   ;гхлю;;;;;960;1005;;0;;;
;;CORDIANT; CORDIANT  SNO-MAX ;175;70; 13   ;гхлю;;;;;990;930;;0;;;
;;CORDIANT; CORDIANT  SNO-MAX  ЬХО ;175;70; 13   ;гхлю;;;;;1110;1080;;0;;;
;;CORDIANT; CORDIANT  WINTER_DRIVE,  PW-1   ;175;70; 13   ;гхлю;;;;;990;915;;0;;;
;;CORDIANT; CORDIANT  SNOW  CROSS  ЬХО ;175;70; 13   ;гхлю;;;;;1200;1140;;0;;;
;;CORDIANT; CORDIANT  POLAR  ЬХО ;175;70; 13   ;гхлю;;;;;1110;1050;;0;;;
;;CORDIANT; CORDIANT  POLAR   ;175;70; 13   ;гхлю;;;;;930;915;;0;;;
;;CORDIANT; CORDIANT  POLAR  2  ЬХО ;175;70; 13   ;гхлю;;;;;1140;1080;;0;;;
;;CORDIANT; CORDIANT  SL  PW  404  TL ;175;70; 13   ;гхлю;;;;;960;900;;0;;;
;;бнпнмхф; юх-168с    Я  ЙЮЛЕПНИ ;6,45; 13   ;;гхлю;;;;;1200;1140;;0;;;
;;HANKOOK; HANKOOK  W442  79T ;165;65;14;гхлю;;;;;1500;1470;;0;;;
;; BARUM   ; BARUM  POLARIS  3   ;165;70;14;гхлю;;;;;1440;1320;;0;;;
;;NOKIAN; NOKIAN  W ;165;70;14;гхлю;;;;;1950;1740;;2;;;
;;AMTEL; AMTEL  NM-310/K-263  82Q ;175;65;14;гхлю;;;;;1650;1500;;4;;;
;;AMTEL; AMTEL  NM/K-239  82Q ;175;65;14;гхлю;;;;;1650;1500;;4;;;
;;KUMHO; KUMHO  KW  31  82R ;175;65; 14   ;гхлю;;;;;1560;1455;;0;;;
;; MICHELIN   ; MICHELIN  ALPIN  A4  82T ;175;65; 14   ;гхлю;;;;;1740;1620;;0;;;
;;RIKEN; RIKEN  ALLSTAR  ОНД  ЬХО  82T ;175;65;14;гхлю;;;;;1260;1140;;0;;;
;;SAVA; SAVA  ESKIMO  S3  88T ;175;65; 14   ;гхлю;;;;;1440;1350;;0;;;
;;BELSHINA; BELSHINA  BEL-227 ;175;65; 14   ;гхлю;;;;;1020;960;;0;;;
;;HANKOOK; HANKOOK  W  409 ;175;65; 14   ;гхлю;;;;;1650;1530;;0;;;
;; BARUM   ; BARUM  POLARIS  3   ;175;65; 14   ;гхлю;;;;;1320;1200;;0;;;
;;BRIDGESTONE; BRIDGESTONE  BLIZZAK  ROVO-GZ  82S ;175;65; 14   ;гхлю;;;;;1650;1530;;0;;;
;;GISLAVED; GISLAVED  EURO  FROST  5   ;175;65; 14   ;гхлю;;;;;1560;1410;;0;;;
;;CORDIANT; CORDIANT  SNO-MAX  PW-401  TL  ЬХО ;175;65; 14   ;гхлю;;;;;1650;1500;;2;;;
;;CORDIANT; CORDIANT  SNO-MAX  PW-401  TL ;175;65; 14   ;гхлю;;;;;1050;1080;;0;;;
;;CORDIANT; CORDIANT  POLAR ;175;65; 14   ;гхлю;;;;;1125;1080;;0;;;
;;CORDIANT; CORDIANT  POLAR  2  PW-502  ЬХО   ;175;65; 14   ;гхлю;;;;;1200;1140;;0;;;
;;CORDIANT; CORDIANT  POLAR  ЬХО ;175;65; 14   ;гхлю;;;;;1260;1125;;0;;;
;;CORDIANT; CORDIANT  SL  PW  404  TL ;175;65; 14   ;гхлю;;;;;1110;990;;0;;;
;;CORDIANT; CORDIANT  WINTER_DRIVE,  PW-1   ;175;65; 14   ;гхлю;;;;;1095;1008;;0;;;
;;KAMA; йюлю  505  82T ;175;65; 14   ;гхлю;;;;;1200;1089;;0;;;
;;KAMA; йюлю  505  ЬХО  82T ;175;65; 14   ;гхлю;;;;;1260;1110;;0;;;
;;RIKEN; RIKEN  ALLSTAR  ОНД  ЬХО  84T ;175;70;14;гхлю;;;;;1950;1800;;6;;;
;;CORDIANT; CORDIANT  POLAR  2  PW-502  ЬХО   ;175;70; 14   ;гхлю;;;;;1200;1170;;0;;;
;;KAMA; KAMA  519  82T ;185;60; 14   ;гхлю;;;;;1260;1140;;0;;;
;;KAMA; KAMA  505  82T  ьхо   ;185;60; 14   ;гхлю;;;;;1290;1200;;0;;;
;;CORDIANT; CORDIANT  WINTER_DRIVE,  PW-1   ;185;60; 14   ;гхлю;;;;;1140;1080;;0;;;
;;CORDIANT; CORDIANT  POLAR  2  TL ;185;60; 14   ;гхлю;;;;;1110;1050;;0;;;
;;CORDIANT; CORDIANT  POLAR  TL ;185;60; 14   ;гхлю;;;;;1110;1050;;0;;;
;;CORDIANT; CORDIANT  SNO-MAX  ЬХО ;185;60; 14   ;гхлю;;;;;1260;1200;;0;;;
;;CORDIANT; CORDIANT  SNO-MAX   ;185;60; 14   ;гхлю;;;;;1200;1110;;0;;;
;;CORDIANT; CORDIANT  POLAR  SL  PW-404  TL ;185;60; 14   ;гхлю;;;;;1140;1080;;0;;;
;;CORDIANT; CORDIANT  POLAR  ЬХО ;185;60; 14   ;гхлю;;;;;1230;1140;;0;;;
;;GISLAVED; GISLAVED  Euro  Frost  5  82T ;185;60;14;гхлю;;;;;1500;1440;;0;;;
;; GOOD  YEAR ; GOOD  YEAR  UG  8  82T ;185;60; 14   ;гхлю;;;;;2550;2400;;4;;;
;;FULDA; FULDA  KRISTALL  MONTERO  3   ;185;60; 14   ;гхлю;;;;;1560;1470;;0;;;
;; DEBICA   ; DEBICA  FRIGO  2 ;185;60; 14   ;гхлю;;;;;2040;1866;;2;;;
;;RIKEN; RIKEN  ALLSTAR  ОНД  ЬХО  82T ;185;60;14;гхлю;;;;;2040;1845;;2;;;
;;KOPMORAN; KOPMORAN  SNOWPRO  B2  82T ;185;60; 14   ;гхлю;;;;;1320;1200;;0;;;
;; BARUM   ; BARUM  POLARIS  3  82T ;185;60; 14   ;гхлю;;;;;1350;1320;;0;;;
;;DIPLOMAT; DIPLOMAT  WINTER  M+S ;185;60; 14   ;гхлю;;;;;2040;1950;;4;;;
;;HANKOOK; HANKOOK  W  419 ;185;60; 14   ;гхлю;;;;;2550;2400;;4;;;
;;BRIDGESTONE; BRIDGESTONE  BLIZZAK  VRX  82S ;185;60; 14   ;гхлю;;;;;2850;2766;;2;;;
;;BRIDGESTONE; BRIDGESTONE  BLIZZAK  ROVO-GZ  82S ;185;60; 14   ;гхлю;;;;;1800;1665;;0;;;
;;KLEBER; KLEBER  KRISALP  HP2  82T ;185;60; 14   ;гхлю;;;;;2400;2220;;4;;;
;;NEXEN; NEXEN  Winguard  WinSpike  82р ;185;60; 14   ;гхлю;;;;;1350;1230;;0;;;
;; BFGOODRICH   ; BFGOODRICH  G-FORCE  WINTER  82T ;185;60; 14   ;гхлю;;;;;2400;2220;;2;;;
;; MICHELIN   ; MICHELIN  ALPIN  A4  82T ;185;60; 14   ;гхлю;;;;;1950;1800;;0;;;
;;MICHELIN; MICHELIN  X-ICE  XI3  XL  86H ;185;60; 14   ;гхлю;;;;;2100;1950;;0;;;
;;SAVA; SAVA  ESKIMO  S3  82T ;185;60; 14   ;гхлю;;;;;1410;1320;;0;;;
;;KAMA; йюлю  EURO  519   ;185;65; 14   ;гхлю;;;;;1260;1170;;0;;;
;;CORDIANT; CORDIANT  POLAR  TL ;185;65; 14   ;гхлю;;;;;1110;1035;;0;;;
;;CORDIANT; CORDIANT  POLAR  ЬХО ;185;65; 14   ;гхлю;;;;;1260;1170;;0;;;
;;CORDIANT; CORDIANT  SNOW  CROSS  ЬХО ;185;65; 14   ;гхлю;;;;;1350;1260;;0;;;
;;CORDIANT; CORDIANT  SNO-MAX  PW-401  TL  ЬХО ;185;65; 14   ;гхлю;;;;;1260;1200;;0;;;
;;CORDIANT; CORDIANT  SNO-MAX   ;185;65; 14   ;гхлю;;;;;1140;1080;;0;;;
;;CORDIANT; CORDIANT  POLAR  2  ЬХО ;185;65; 14   ;гхлю;;;;;1260;1200;;0;;;
;;CORDIANT; CORDIANT  SL ;185;65; 14   ;гхлю;;;;;1200;1110;;0;;;
;;HANKOOK; HANKOOK  W419  XL  90T ;185;65; 14   ;гхлю;;;;;1740;1620;;0;;;
;;BARUM; BARUM  POLARIS  3  88T ;185;65; 14   ;гхлю;;;;;1500;1380;;0;;;
;;BELSHINA; BELSHINA  аек  187M  ОНД  ЬХО ;185;65; 14   ;гхлю;;;;;1500;1350;;12;;;
;;BELSHINA; BELSHINA  аек  187 ;185;65; 14   ;гхлю;;;;;1500;1350;;2;;;
;;BELSHINA; BELSHINA  аек  107 ;185;65; 14   ;гхлю;;;;;1500;1380;;4;;;
;;GISLAVED; GISLAVED  EURO  FROST  5  88T ;185;65; 14   ;гхлю;;;;;1680;1530;;0;;;
;;YOKOHAMA; YOKOHAMA  IG30  86Q ;185;65;14;гхлю;;;;;2640;2550;;4;;;
;;KOPMORAN; KOPMORAN  SNOWPRO  B2 ;185;65; 14   ;гхлю;;;;;1560;1350;;0;;;
;;MATADOR; MATADOR  MP52 ;185;65; 14   ;гхлю;;;;;1590;1440;;0;;;
;;MICHELIN; MICHELIN  X-ICE  XI2  86T ;185;65;14;гхлю;;;;;1980;1890;;0;;;
;;FULDA; FULDA  KRISTALL  MONTERO  3   ;185;65; 14   ;гхлю;;;;;1560;1425;;0;;;
;;SAVA; SAVA  ESKIMO  S3  88T ;185;65; 14   ;гхлю;;;;;2400;2214;;1;;;
;;KUMHO; KUMHO  KW  31  88R ;185;70;14;гхлю;;;;;1650;1560;;0;;;
;;SAVA; SAVA  ESKIMO  S3   ;185;70;14;гхлю;;;;;1500;1380;;0;;;
;;HANKOOK; HANKOOK  W442  88T ;185;70;14;гхлю;;;;;1680;1560;;0;;;
;;RIKEN; RIKEN  ALLSTAR  ОНД  ЬХО  88T ;185;70;14;гхлю;;;;;2100;1950;;8;;;
;;NOKIAN; NOKIAN  W+   ;185;70; 14   ;гхлю;;;;;1800;1650;;0;;;
;;CORDIANT; CORDIANT  POLAR  TL ;185;70; 14   ;гхлю;;;;;1200;1140;;0;;;
;;KLEBER; KLEBER  KRISALP  HP ;185;70; 14   ;гхлю;;;;;1740;1560;;0;;;
;;HANKOOK; HANKOOK  W  409 ;195;70; 14   ;гхлю;;;;;1860;1740;;0;;;
;;HANKOOK; HANKOOK  W442  91T ;195;70;14;гхлю;;;;;1860;1725;;0;;;
;;ROSAVA; ROSAVA  WQ  101 ;195;70; 14   ;гхлю;;;;;1200;1200;;0;;;
;;ROSAVA; ROSAVA  нх-297 ;205;70; 14   ;гхлю;;;;;1650;1545;;0;;;
;;NEXEN; NEXEN  Winguard  WinSpike   ;185;55;15;гхлю;;;;;0;0;;0;;;
;;KUMHO; KUMHO  KW  31  86R   ;185;55;15;гхлю;;;;;2100;1950;;0;;;
;;MICHELIN; MICHELIN  ALPIN  A4  84T ;185;60;15;гхлю;;;;;3600;3300;;4;;;
;; BARUM   ; BARUM  POLARIS  3   ;185;60;15;гхлю;;;;;1560;1500;;0;;;
;;SAVA; SAVA  ESKIMO  3S+ ;185;60;15;гхлю;;;;;1500;1365;;0;;;
;;MICHELIN; MICHELIN  ALPIN  A4  XL  92T ;185;65;15;гхлю;;;;;1950;1800;;0;;;
;;CORDIANT; CORDIANT  POLAR  ЬХО ;185;65; 15   ;гхлю;;;;;1440;1320;;0;;;
;;CORDIANT; CORDIANT  POLAR   ;185;65; 15   ;гхлю;;;;;1275;1155;;0;;;
;;CORDIANT; CORDIANT  WINTER_DRIVE,  PW-1   ;185;65; 15   ;гхлю;;;;;1290;1185;;0;;;
;;ROADSTONE; ROADSTONE  WINGUARD  WINSPIKE  XL  92T ;185;65; 15   ;гхлю;;;;;1590;1470;;0;;;
;;RIKEN; RIKEN  ALLSTAR  ОНД  ЬХО  XL  92T ;185;65; 15   ;гхлю;;;;;2340;2160;;8;;;
;;BARUM; BARUM  POLARIS  3  88T ;185;65;15;гхлю;;;;;1500;1395;;0;;;
;;SAVA; SAVA  ESKIMO  3S+ ;185;65; 15   ;гхлю;;;;;1740;1560;;0;;;
;;DAYTON; DAYTON  DW510  82H ;195;50;15;гхлю;;;;;1650;1500;;0;;;
;;BARUM; BARUM  POLARIS  3  82T ;195;50;15;гхлю;;;;;1650;1545;;0;;;
;;BARUM; BARUM  POLARIS  3   ;195;55; 15   ;гхлю;;;;;3150;3000;;4;;;
;;NOKIAN; NOKIAN  HKPL  R   ;195;55; 15   ;гхлю;;;;;2400;2250;;0;;;
;;BF-GOODRICH; BFGOODRICH  G-FORCE  WINTER  91T ;195;55; 15   ;гхлю;;;;;3510;3330;;4;;;
;;BRIDGESTONE; BRIDGESTONE  BLIZZAK  REVO  GZ ;195;60; 15   ;гхлю;;;;;3510;3321;;4;;;
;;CORDIANT; CORDIANT  POLAR  2  PW-502 ;195;60; 15   ;гхлю;;;;;1410;1350;;0;;;
;;CORDIANT; CORDIANT  POLAR  ЬХО ;195;60; 15   ;гхлю;;;;;2400;2214;;2;;;
;;CORDIANT; CORDIANT  POLAR   ;195;60; 15   ;гхлю;;;;;1410;1350;;0;;;
;;NOKIAN; NOKIAN  WRG2 ;195;60; 15   ;гхлю;;;;;2100;1920;;0;;;
;;BARUM; BARUM  POLARIS  3  88T ;195;60; 15   ;гхлю;;;;;1800;1650;;0;;;
;;NOKIAN; NOKIAN  W+  88р ;195;60; 15   ;гхлю;;;;;3000;2766;;2;;;
;;KUMHO; KUMHO  KW23   ;195;60; 15   ;гхлю;;;;;1890;1710;;0;;;
;;NEXEN; NEXEN  Winguard  WinSpike  88р ;195;60; 15   ;гхлю;;;;;1740;1590;;0;;;
;;SAVA; SAVA  ESKIMO  3S+ ;195;60; 15   ;гхлю;;;;;1740;1575;;0;;;
;;KLEBER; KLEBER  Krisa  HP2  91T ;195;65; 15   ;гхлю;;;;;1650;1575;;0;;;
;; BARUM   ; BARUM  POLARIS  3  91T ;195;65; 15   ;гхлю;;;;;1590;1440;;0;;;
;;NEXEN; NEXEN  WIN-231 ;195;65; 15   ;гхлю;;;;;1740;1560;;0;;;
;;NEXEN; NEXEN  Winguard  WinSpike ;195;65; 15   ;гхлю;;;;;1740;1620;;0;;;
;;YOKOHAMA; YOKOHAMA  V902A  91T ;195;65;15;гхлю;;;;;1725;1575;;0;;;
;;HANKOOK; HANKOOK  W419  XL  95T ;195;65; 15   ;гхлю;;;;;2850;2640;;8;;;
;;HANKOOK; HANKOOK  W606  91T ;195;65; 15   ;гхлю;;;;;1950;1785;;0;;;
;;FULDA; FULDA  Montero  3  91T ;195;65; 15   ;гхлю;;;;;1650;1575;;0;;;
;;KUMHO; KUMHO  KW31  91R ;195;65; 15   ;гхлю;;;;;1800;1710;;0;;;
;;CORDIANT; CORDIANT  POLAR  2  PW-502  ЬХО   ;195;65; 15   ;гхлю;;;;;1500;1368;;0;;;
;;CORDIANT; CORDIANT  SNOW  CROSS  ЬХО ;195;65; 15   ;гхлю;;;;;1560;1440;;0;;;
;;BRIDGESTONE; BRIDGESTONE  BLIZZAK  LM32  91T ;195;65; 15   ;гхлю;;;;;1800;1680;;0;;;
;;BRIDGESTONE; BRIDGESTONE  BLIZZAK  VRX  91S   ;195;65; 15   ;гхлю;;;;;2250;2130;;0;;;
;;BRIDGESTONE; BRIDGESTONE  BLIZZAK  ROVO-GZ  91S ;195;65; 15   ;гхлю;;;;;2100;1890;;0;;;
;;FULDA; FULDA  KRISTALL  CONTROL  HP  91T ;195;65; 15   ;гхлю;;;;;1650;1500;;0;;;
;;BFGOODRICH; BFGOODRICH  G-FORCE  WINTER  91T ;195;65; 15   ;гхлю;;;;;1650;1500;;0;;;
;;NOKIAN; NOKIAN  W+  91р ;195;65; 15   ;гхлю;;;;;2640;2397;;2;;;
;;CORDIANT; CORDIANT  WINTER_DRIVE,  PW-1   ;195;65; 15   ;гхлю;;;;;1440;1260;;0;;;
;;CORDIANT; CORDIANT  SNO-MAX  PW-401  TL  ЬХО ;195;65; 15   ;гхлю;;;;;1500;1410;;0;;;
;;DEWOO; DEWOO  MATTERHORN ;195;65; 15   ;гхлю;;;;;1500;1350;;0;;;
;;TUNGA; TUNGA  EXTREME  CONTACT  PW-302  TL ;195;65; 15   ;гхлю;;;;;1275;1200;;0;;;
;;NOKIAN; NOKIAN    WD  3 ;195;65; 15   ;гхлю;;;;;1800;1500;;0;;;
;; MICHELIN   ; MICHELIN  ALPIN  A4  91T ;195;65; 15   ;гхлю;;;;;2100;1950;;0;;;
;;CONTINENTAL; CONTINENTAL  TS  850  91T ;195;65; 15   ;гхлю;;;;;2100;1875;;0;;;
;;CONTINENTAL; CONTINENTAL  TS  830  P  91T  MO ;195;65; 15   ;гхлю;;;;;1950;1770;;0;;;
;;SAVA; SAVA  ESKIMO  3S+  91р ;195;65; 15   ;гхлю;;;;;1560;1500;;0;;;
;;ZEETEX; ZEETEX  S-100  91T ;195;65; 15   ;гхлю;;;;;1950;1800;;2;;;
;;NOKIAN; NOKIAN  W+   ;205;60; 15   ;гхлю;;;;;2100;2040;;0;;;
;;CORDIANT; CORDIANT  POLAR   ;205;60; 15   ;гхлю;;;;;1560;1404;;0;;;
;;CORDIANT; CORDIANT  SNO-MAX  PW-401  TL ;205;60; 15   ;гхлю;;;;;1560;1470;;0;;;
;; NEXEN   ; NEXEN  EUROVIN  550 ;205;60; 15   ;гхлю;;;;;3300;2850;;4;;;
;;MICHELIN; MICHELIN  X-ICE  XI2  91T ;205;60; 15   ;гхлю;;;;;2640;2400;;0;;;
;;RIKEN; RIKEN  ALLSTAR  ОНД  ЬХО  XL  99T ;205;65;15;гхлю;;;;;1950;1725;;0;;;
;;NEXEN; NEXEN  Winguard  WinSpike  99T  XL ;205;65;15;гхлю;;;;;2040;1920;;0;;;
;;ROADSTONE; ROADSTONE  WINGUARD  WINSPIKE  XL  99T ;205;65;15;гхлю;;;;;3150;2952;;4;;;
;;BARUM; BARUM  POLARIS  3  94T ;205;65; 15   ;гхлю;;;;;3150;3000;;2;;;
;;KUMHO; KUMHO  KW23 ;205;65; 15   ;гхлю;;;;;2160;2025;;0;;;
;;AMTEL; AMTEL  NM/K-246  94Q ;205;65; 15   ;гхлю;;;;;1890;1740;;0;;;
;;NOKIAN; NOKIAN  W+  96р ;205;65; 15   ;гхлю;;;;;2400;2100;;0;;;
;;NEXEN; NEXEN  WIN-SUV  96T ;205;70;15;гхлю;;;;;2040;1920;;0;;;
;;CORDIANT; CORDIANT  POLAR  TL ;205;70;15;гхлю;;;;;1575;1515;;0;;;
;;AMTEL; AMTEL  NM-310/K-267  96Q ;205;70;15;гхлю;;;;;1950;1875;;0;;;
;;YOKOHAMA; YOKOHAMA  IG35  ЬХО   ;205;70;15;гхлю;;;;;2550;2400;;0;;;
;;MICHELIN; MICHELIN  X-ICE  XI2  96T ;205;70;15;гхлю;;;;;2475;2325;;0;;;
;;FALKEN; FALKEN  ESPIA  EPZ  96Q ;215;65;15;гхлю;;;;;3600;3450;;4;;;
;;MICHELIN; MICHELIN  X-ICE  XI2  96T ;215;65;15;гхлю;;;;;2460;2295;;0;;;
;;CORDIANT; CORDIANT  POLAR ;235;75; 15   ;гхлю;;;;;2400;2190;;0;;;
;; BARUM   ; BARUM  POLARIS  3   ;195;55; 16   ;гхлю;;;;;2250;2100;;0;;;
;;KUMHO; KUMHO  KW31  91R ;205;55; 16   ;гхлю;;;;;3900;3600;;2;;;
;;RIKEN; RIKEN  ALLSTAR  ОНД  ЬХО  XL  94T ;205;55;16;гхлю;;;;;3150;2955;;4;;;
;;RIKEN; RIKEN  SNOWTIME  91T ;205;55;16;гхлю;;;;;2160;2010;;0;;;
;;NEXEN; NEXEN  Winguard  WinSpike  94T   ;205;55; 16   ;гхлю;;;;;2175;1950;;0;;;
;;NOKIAN; NOKIAN  W+  91р ;205;55; 16   ;гхлю;;;;;2400;2190;;0;;;
;;MICHELIN; MICHELIN  X-ICE  XI3  XL  94H ;205;55;16;гхлю;;;;;3360;3171;;0;;;
;;MICHELIN; MICHELIN  ALPIN  A4  91T ;205;55; 16   ;гхлю;;;;;3000;2850;;0;;;
;;MICHELIN; MICHELIN  ALPIN  A4  94H  XL ;205;55; 16   ;гхлю;;;;;3150;3000;;0;;;
;;MICHELIN; MICHELIN    X-ICE  NORTH  2  ЬХО ;205;55; 16   ;гхлю;;;;;3600;3150;;0;;;
;;YOKOHAMA; YOKOHAMA  IG35  94T ;205;55;16;гхлю;;;;;3150;2925;;0;;;
;;CORDIANT; CORDIANT  WINTER_DRIVE,  PW-1   ;205;55; 16   ;гхлю;;;;;1740;1590;;0;;;
;;SAVA; SAVA  ESKIMO  3S+  91р ;205;55; 16   ;гхлю;;;;;2250;2040;;0;;;
;;BRIDGESTONE; BRIDGESTONE  BLIZZAK  ROVO-GZ  91S ;205;55; 16   ;гхлю;;;;;2850;2700;;0;;;
;;BRIDGESTONE; BRIDGESTONE  BLIZZAK    LM-32  91T ;205;55; 16   ;гхлю;;;;;2640;2520;;0;;;
;;CORDIANT; CORDIANT  WINTER_DRIVE,  PW-1   ;205;60; 16   ;гхлю;;;;;2040;1890;;0;;;
;;MICHELIN; MICHELIN  ALPIN  A4  96H  XL ;205;60; 16   ;гхлю;;;;;3300;3060;;0;;;
;;NEXEN; NEXEN  Winguard  WinSpike  92T ;205;60; 16   ;гхлю;;;;;2250;1920;;0;;;
;;RIKEN; RIKEN  ALLSTAR  ОНД  ЬХО  XL  96T ;205;60;16;гхлю;;;;;3300;3150;;4;;;
;;YOKOHAMA; YOKOHAMA  IG35  95T ;205;60;16;гхлю;;;;;4650;4350;;4;;;
;;TOYO; TOYO  SNOWPROX  S942  92H ;205;60;16;гхлю;;;;;4650;4245;;4;;;
;;GENERAL; GENERAL  ALTIMAX  ARCTIC   ;205;60; 16   ;гхлю;;;;;3225;2925;;0;;;
;;YOKOHAMA; YOKOHAMA  IG35  95T ;205;65; 16   ;гхлю;;;;;5250;4980;;4;;;
;;MICHELIN; MICHELIN  X-ICE  XI3  XL  99T ;205;65; 16   ;гхлю;;;;;3750;3480;;0;;;
;;TOYO; TOYO  OBSERVE  GARIT  G-4  XL  97Q ;215;55;16;гхлю;;;;;3300;3060;;0;;;
;;RIKEN; RIKEN  SNOWTIME  XL  97H ;215;55;16;гхлю;;;;;3750;3504;;4;;;
;;NEXEN; NEXEN  Winguard  WinSpike  97T  XL ;215;55; 16   ;гхлю;;;;;2550;2265;;0;;;
;;BRIDGESTONE; BRIDGESTONE  BLIZZAK  ROVO-GZ  93S ;215;55; 16   ;гхлю;;;;;4140;3840;;0;;;
;; FALKEN   ; FALKEN  HS439  93H ;215;55; 16   ;гхлю;;;;;3150;2640;;0;;;
;;KAMA; KAMA  EURO  519 ;215;55; 16   ;гхлю;;;;;2100;2100;;0;;;
;;NEXEN; NEXEN  Winguard  WinSpike  99T  XL ;215;60;16;гхлю;;;;;2550;2250;;0;;;
;;MICHELIN; MICHELIN  X-ICE  XI2  95T ;215;60;16;гхлю;;;;;6150;5904;;4;;;
;;MICHELIN; MICHELIN  ALPIN  A4  99р  XL ;215;60;16;гхлю;;;;;3900;3450;;0;;;
;;YOKOHAMA; YOKOHAMA  IG30  95Q ;215;60;16;гхлю;;;;;5466;5166;;2;;;
;;RIKEN; RIKEN  SNOWTIME  XL  99H ;215;60;16;гхлю;;;;;3600;3300;;4;;;
;;TOYO; TOYO  OBSERVE  GARIT  2S  95T ;215;60;16;гхлю;;;;;3450;3150;;0;;;
;;NOKIAN; NOKIAN  WR  3  SUV  XL  102R ;215;65;16;гхлю;;;;;5070;4797;;4;;;
;;YOKOHAMA; YOKOHAMA  IG30  98Q ;215;65;16;гхлю;;;;;3150;3000;;0;;;
;;HANKOOK; HANKOOK  W409  98T ;215;65;16;гхлю;;;;;3450;3180;;0;;;
;;HANKOOK; HANKOOK  W605  98Q ;215;65;16;гхлю;;;;;3300;3000;;0;;;
;;GENERAL; GENERAL  ALTIMAX  ARCTIC   ;215;65; 16   ;гхлю;;;;;3600;3300;;0;;;
;; SAILUN   ; SAILUN  WSL2  98H ;215;65; 16   ;гхлю;;;;;2040;1800;;0;;;
;; SAILUN   ; SAILUN  WST1  98T ;215;65; 16   ;гхлю;;;;;2100;1920;;0;;;
;;TOYO; TOYO  OPEN  COUNTRY  W/T  98H ;215;65; 16   ;гхлю;;;;;2850;2640;;0;;;
;; BARUM   ; BARUM  POLARIS  3  4X4  98р ;215;65; 16   ;гхлю;;;;;2700;2550;;0;;;
;;MICHELIN; MICHELIN  ALPIN  A4  98H ;215;65; 16   ;гхлю;;;;;3600;3300;;0;;;
;;NEXEN; NEXEN  Winguard  SUV ;215;65; 16   ;гхлю;;;;;2700;2460;;0;;;
;;NEXEN; NEXEN  Winguard  WinSpike  102T  XL ;215;65; 16   ;гхлю;;;;;2400;2235;;0;;;
;;BRIDGESTONE; BRIDGESTONE  BLIZZAK  DM-V1  98R ;215;65; 16   ;гхлю;;;;;3450;3150;;0;;;
;;HANKOOK; HANKOOK  W419  98T ;215;65;16;гхлю;;;;;5070;4797;;4;;;
;;BF-GOODRICH; BFGOODRICH  G-FORCE  STUD  XL  102Q ;215;65; 16   ;гхлю;;;;;3450;3150;;0;;;
;;AMTEL; AMTEL  NM-310/K-276  98S ;215;65; 16   ;гхлю;;;;;2340;2280;;0;;;
;;TOYO; TOYO  SNOWPROX  S942  92H ;215;65; 16   ;гхлю;;;;;3150;3000;;0;;;
;;SUNNY; SUNNY  SN3830  98H ;215;65; 16   ;гхлю;;;;;2400;2295;;0;;;
;;CORDIANT; CORDIANT  POLAR  98T  ЬХО ;215;65; 16   ;гхлю;;;;;2250;2160;;0;;;
;;CORDIANT; CORDIANT  SL  102T ;215;65; 16   ;гхлю;;;;;2250;2010;;0;;;
;;BRIDGESTONE; BRIDGESTONE  BLIZZAK  ROVO-GZ  95S ;225;55; 16   ;гхлю;;;;;6300;6000;;2;;;
;;NOKIAN; NOKIAN  WR  G2 ;225;60; 16   ;гхлю;;;;;4950;4680;;4;;;
;;HANKOOK; HANKOOK  W310  100H ;235;60;16;гхлю;;;;;4350;4050;;4;;;
;;MICHELIN; MICHELIN  100T  X-ICE  3 ;235;60;16;гхлю;;;;;4050;3810;;0;;;
;;HANKOOK; HANKOOK  W409 ;215;45; 17   ;гхлю;;;;;3450;3150;;0;;;
;;FALKEN; FALKEN  HS-439  98V ;215;55;17;гхлю;;;;;3300;3000;;0;;;
;;GISLAVED; GISLAVED  EVRO  FROST3  94H  XL ;225;45; 17   ;гхлю;;;;;4350;4050;;2;;;
;;NEXEN; NEXEN  Winguard  WinSpike  98р  XL ;225;50; 17   ;гхлю;;;;;3000;2700;;0;;;
;;HANKOOK; HANKOOK  W606  94T ;225;50; 17   ;гхлю;;;;;5550;5166;;4;;;
;;NEXEN; NEXEN  Winguard  SPORT  101V  XL ;225;55;17;гхлю;;;;;3000;2640;;0;;;
;;NEXEN; NEXEN  Winguard  WinSpike  SUV  106T  XL ;225;65; 17   ;гхлю;;;;;3300;3000;;0;;;
;; FULLRUN   ; FULLRUN  WIN88  26/11  102S   ;225;65; 17   ;гхлю;;;;;2400;2055;;0;;;
;; SAILUN   ; SAILUN  WST1   ;225;65; 17   ;гхлю;;;;;2850;2550;;0;;;
;;HANKOOK; HANKOOK  RW11  102T ;225;65; 17   ;гхлю;;;;;4140;3840;;0;;;
;;NOKIAN; NOKIAN  HKPL-4 ;235;45; 17   ;гхлю;;;;;4560;4245;;0;;;
;;NEXEN; NEXEN  WINGUARD  SUV  108м  XL ;235;65; 17   ;гхлю;;;;;3180;2850;;0;;;
;;NEXEN; NEXEN  Winguard  Spike  108T  XL  (ОНД  ЬХО) ;235;65; 17   ;гхлю;;;;;3300;3036;;0;;;
;; NOKIAN   ; NOKIAN  HKPL-4 ;235;65; 17   ;гхлю;;;;;4125;3600;;0;;;
;;NEXEN; NEXEN  WINGUARD  SUV  106м   ;255;60; 17   ;гхлю;;;;;5610;5100;;4;;;
;;NEXEN; NEXEN  Winguard  Spike  116T  XL  (ОНД  ЬХО) ;265;65; 17   ;гхлю;;;;;6000;5718;;4;;;
;; SAILUN   ; SAILUN  WST1  100T ;235;55;18;гхлю;;;;;3000;2505;;0;;;
;;BRIDGESTONE; BRIDGESTONE  BLIZZAK  DM-V1  XL  109R ;255;55;18;гхлю;;;;;6000;5340;;0;;;
;;KAMA; KAMA-231  96N ;185;75; 13C   ;;;;;;1950;1800;;8;;;
;;MATADOR; MATADOR  MPS-125  102/100R ;185; 14C   ;;;;;;;1875;1740;;0;;;
;;ROSAVA; ROSAVA  BC-44 ;185;14C;;;;;;;1950;1800;;12;;;
;;ROSAVA; ROSAVA  аж-15 ;185;14C;;;;;;;1950;1800;;12;;;
;;HANKOOK; HANKOOK  RA08  102/100Q ;185;14C;;;;;;;1950;1875;;0;;;
;;MATADOR; MATADOR  MPS-330  100/102R ;185; 14C   ;;;;;;;2700;2472;;4;;;
;;KOPMORAN; KORMORAN  VANPRO  B2  102R ;185; 14C   ;;;;;;;2700;2460;;8;;;
;; BARUM   ; BARUM  VANIS  2 ;185; 14C   ;;;;;;;2700;2580;;4;;;
;;BELSHINA; BELSHINA  аек-78  102/100Q ;195; 14C   ;;;;;;;2160;2040;;40;;;
;;FULDA; FULDA  CONVEO  TOUR  106/104P ;195; 14C   ;;;;;;;3300;3060;;2;;;
;;KOPMORAN; KORMORAN  VANPRO  B2  106/104R ;195; 14C   ;;;;;;;3150;2850;;16;;;
;;MATADOR; MATADOR  MPS-330  106/104R ;195; 14C   ;;;;;;;0;0;;0;;;
;; BARUM   ; BARUM  VANIS  2 ;195; 14C   ;;;;;;;2250;2070;;0;;;
;;DUNLOP; DUNLOP  LT30  106/104R ;195; 14C   ;;;;;;;0;0;;0;;;
;;ROSAVA; ROSAVA  BC-44 ;195; 14C   ;;;;;;;2100;2010;;24;;;
;; MICHELIN     ; MICHELIN  AGILIS  106/104R ;195; 14C   ;;;;;;;4650;4350;;4;;;
;;HANKOOK; HANKOOK  RA08  109/107Q ;205;75R14C;;;;;;;3360;3060;;16;;;
;;WANLI; WANLI  S-2023  109  107P ;205;14C;;;;;;;2550;2340;;2;;;
;;ROSAVA; ROSAVA  BC-44 ;205; 14C   ;;;;;;;2250;2100;;10;;;
;;TOYO; TOYO  HO8  112/110S ;215;14C;;;;;;;2640;2520;;0;;;
;; BARUM   ; BARUM  CARGO  OR56  RF ;195;70; 15RF   ;;;;;;2700;2508;;4;;;
;;BELSHINA; BELSHINA      аек-171 ;195;70; 15C   ;;;;;;2250;2028;;48;;;
;;KOPMORAN; KORMORAN  VANPRO  B2  104/102R ;195;70; 15C   ;;;;;;3150;2877;;8;;;
;; BARUM   ; BARUM  VANIS  2  104/102R ;195;70; 15C   ;;;;;;3150;2952;;6;;;
;; BARUM   ; BARUM  VANIS  104/102R ;195;70; 15C   ;;;;;;2040;1905;;0;;;
;;BRIDGESTONE; BRIDGESTONE  DURAVIS  R630   ;195;70; 15C   ;;;;;;2640;2460;;0;;;
;;LASSA; LASSA  TRANSWEY  104/102R ;195;70; 15C   ;;;;;;2400;2250;;0;;;
;;BFGOODRICH; BFGOODRICH  ACTIVAN  104/102R ;195;70; 15C   ;;;;;;3540;3321;;24;;;
;; KLEBER   ; KLEBER  TRANSPRO  104/102R ;195;70; 15C   ;;;;;;3480;3321;;2;;;
;; MICHELIN     ; MICHELIN  AGILIS+  104/102R ;195;70; 15C   ;;;;;;4050;3870;;20;;;
;;MATADOR; MATADOR  MPS-320  104/102R ;195;70; 15C   ;;;;;;2850;2550;;4;;;
;;MATADOR; MATADOR  MPS-125  104/102R ;195;70; 15C   ;;;;;;2100;1950;;0;;;
;;TOYO; TOYO  HO8  104/102S ;195;70; 15C   ;;;;;;3450;3060;;4;;;
;;ROSAVA; ROSAVA  аж-15 ;195;75;15c;;;;;;2100;1950;;20;;;
;; BARUM   ; BARUM  VANIS  2  104/102R ;205;70;15C;;;;;;3600;3300;;2;;;
;;KAMA; KAMA  EURO  131 ;205;70;15C;;;;;;2040;1875;;0;;;
;; KLEBER   ; KLEBER  TRANSPRO  109/107R ;215;70; 15C   ;;;;;;2925;2775;;0;;;
;;BELSHINA; BELSHINA      аек-77 ;225;70; 15C   ;;;;;;2700;2700;;4;;;
;;ROSAVA; ROSAVA  LTA-401  112/110 ;225;70; 15C   ;;;;;;2640;2400;;20;;;
;;HANKOOK; HANKOOK  RA08  (Korea)  112/110R ;225;70; 15C   ;;;;;;4050;3840;;8;;;
;; BARUM   ; BARUM  VANIS  2  112/110R ;225;70; 15C   ;;;;;;4050;3690;;12;;;
;;BRIDGESTONE; BRIDGESTONE  DURAVIS  R630  112/110S ;225;70; 15C   ;;;;;;3150;2955;;0;;;
;;CONTINENTAL; CONTINENTAL  VANCO  2  112/110R ;225;70; 15C   ;;;;;;3300;3135;;0;;;
;;BFGOODRICH; BFGOODRICH  ACTIVAN  112/110S ;225;70; 15C   ;;;;;;4500;4242;;12;;;
;; KLEBER   ; KLEBER  TRANSPRO  112/110S ;225;70; 15C   ;;;;;;4500;4242;;0;;;
;; MICHELIN     ; MICHELIN  AGILIS+  112/110S ;225;70; 15C   ;;;;;;5250;4950;;20;;;
;;TOYO; TOYO  HO8  112/110S ;225;70; 15C   ;;;;;;4140;3840;;12;;;
;;KOPMORAN; KORMORAN  VANPRO  B2  112/110R ;225;70; 15C   ;;;;;;3840;3600;;12;;;
;;RIKEN; RIKEN  CARGO  112/110R ;225;70;15C;;;;;;3840;3600;;4;;;
;;DUNLOP; DUNLOP  LT  800  112/110R  115N  M+S ;225;70; 15C   ;;;;;;4980;4680;;2;;;
;;MATADOR; MATADOR  MPS-125  112\110R ;225;70; 15C   ;;;;;;3960;3720;;6;;;
;;BELSHINA; BELSHINA  ах-522 ;175; 16C   ;;;;;;;2100;2040;;110;;;
;;KAMA; KAMA-218  98/96M ;175; 16C   ;;;;;;;2310;2250;;0;;;
;;FULDA; FULDA  CONVEO  TOUR  101/99R ;175; 16C   ;;;;;;;3540;3240;;4;;;
;;MATADOR; MATADOR  MPS-320  104/102R ;185;75; 16C   ;;;;;;2460;2310;;0;;;
;;MATADOR; MATADOR  MPS-330  104/102R ;185;75; 16C   ;;;;;;2250;2100;;0;;;
;;RIKEN; RIKEN  CARGO  104/102R ;185;75;16C;;;;;;3150;2952;;4;;;
;;BELSHINA; BELSHINA  аек-109  104/102Q ;185;75; 16C   ;;;;;;2100;2040;;40;;;
;;FULDA; FULDA  CONVEO  TOUR  104/102R ;185;75; 16C   ;;;;;;3000;2760;;0;;;
;;KAMA; йюлю  EURO  мй-131  104/102 ;185;75; 16C   ;;;;;;2940;2850;;0;;;
;;KAMA; KAMA-301  104/102N ;185;75; 16C   ;;;;;;3000;2940;;0;;;
;;BFGOODRICH; BFGOODRICH  ACTIVAN  104/102R ;185;75; 16C   ;;;;;;4050;3870;;2;;;
;; KLEBER   ; KLEBER  TRANSPRO  104/102R ;185;75; 16C   ;;;;;;0;0;;0;;;
;;ROSAVA; ROSAVA  аж-24я  104/102N ;185;75; 16C   ;;;;;;2100;1980;;276;;;
;;ROSAVA; ROSAVA  BC-44 ;185;75; 16C   ;;;;;;2250;2070;;20;;;
;;RIKEN; RIKEN  CARGO   ;195;65; 16C   ;;;;;;3600;3300;;0;;;
;; KLEBER   ; KLEBER  TRANSPRO     ;195;65; 16C   ;;;;;;2760;2580;;0;;;
;;ROSAVA; ROSAVA  BC-44 ;195;75; 16C   ;;;;;;2250;2100;;6;;;
;;HANKOOK; HANKOOK  RA18  107/105R ;195;75;16C;;;;;;3900;3690;;20;;;
;;BFGOODRICH; BFGOODRICH  ACTIVAN  107/105R ;195;75; 16C   ;;;;;;4050;3870;;8;;;
;; KLEBER   ; KLEBER  TRANSPRO  107/105R ;195;75; 16C   ;;;;;;4050;3870;;6;;;
;; MICHELIN     ; MICHELIN  AGILIS+  107/105R ;195;75; 16C   ;;;;;;4800;4611;;6;;;
;;KAMA; йюлю  EURO  мй-131 ;195;75; 16C   ;;;;;;2940;2820;;4;;;
;;MATADOR; MATADOR  MPS-320  107/105R ;195;75; 16C   ;;;;;;3615;3420;;10;;;
;;MATADOR; MATADOR  MPS-125  107\105R ;195;75; 16C   ;;;;;;2340;2250;;0;;;
;;TIGAR; TIGAR    107/105N  TG725 ;195;75; 16C   ;;;;;;3450;3150;;6;;;
;;KORMORAN; KORMORAN  VANPRO  B2  107/105P ;195;75; 16C   ;;;;;;3360;3060;;12;;;
;;BRIDGESTONE; BRIDGESTONE  DURAVIS  R630   ;195;75; 16C   ;;;;;;2850;2640;;0;;;
;;TIGAR; TIGAR  CARGO  SPEED  107/105R ;205;65; 16C   ;;;;;;4050;3750;;4;;;
;;KORMORAN; KORMORAN  VANPRO  B2  107/105R ;205;65; 16C   ;;;;;;2700;2550;;0;;;
;;MATADOR; MATADOR  MPS-125  107\105T ;205;65; 16C   ;;;;;;0;0;;0;;;
;; KLEBER   ; KLEBER  TRANSPRO  105/107T ;205;65; 16C   ;;;;;;4875;4611;;8;;;
;;TOYO; TOYO  HO8  107\105  T ;205;65; 16C   ;;;;;;3150;2850;;0;;;
;; BARUM   ; BARUM  VANIS  2  107\105  T ;205;65; 16C   ;;;;;;2850;2640;;0;;;
;;KAMA; йюлю  EURO  мй-131 ;205;75; 16C   ;;;;;;3450;3195;;4;;;
;; KLEBER   ; KLEBER  TRANSPRO    110\108R ;205;75; 16C   ;;;;;;4500;4200;;4;;;
;;BFGOODRICH; BFGOODRICH  ACTIVAN  110\108R ;205;75; 16C   ;;;;;;3750;3540;;0;;;
;;MATADOR; MATADOR  MPS-125  110\108R ;205;75; 16C   ;;;;;;2760;2550;;0;;;
;;KORMORAN; KORMORAN  VANPRO  B2  109/107R ;215;65; 16C   ;;;;;;4098;3798;;4;;;
;;BFGOODRICH; BFGOODRICH  ACTIVAN  107/109T ;215;65; 16C   ;;;;;;4875;4611;;8;;;
;; KLEBER   ; KLEBER  TRANSPRO  109/107T ;215;65; 16C   ;;;;;;4875;4611;;8;;;
;;RIKEN; RIKEN  CARGO  109/107R ;215;65;16C;;;;;;0;0;;0;;;
;;TIGAR; TIGAR  CARGO  SPEED  109/107R   ;215;65; 16C   ;;;;;;4050;3900;;8;;;
;; BARUM   ; BARUM  VANIS  2   ;215;65; 16C   ;;;;;;3450;3240;;0;;;
;;MATADOR; MATADOR  MPS-125  108/110  R ;215;65; 16C   ;;;;;;2940;2760;;0;;;
;;MATADOR; MATADOR  MPS-320  108/110  R ;215;65; 16C   ;;;;;;2940;2700;;0;;;
;;RIKEN; RIKEN  CARGO  113/111R ;215;75;16C;;;;;;4350;4059;;2;;;
;;MATADOR; MATADOR  MPS-330  113/111R ;215;75; 16C   ;;;;;;4650;4428;;4;;;
;;KAMA; йюлю  EURO  мй-131 ;215;75; 16C   ;;;;;;3450;3300;;2;;;
;; ROSAVA   ; ROSAVA  аж  34  110/108  M ;215;75; 16C   ;;;;;;3000;2778;;6;;;
;;KOPMORAN; KORMORAN  VANPRO  B2  113/111R ;215;75; 16C   ;;;;;;4350;4059;;8;;;
;; KLEBER   ; KLEBER  TRANSPRO  113/111R ;215;75; 16C   ;;;;;;5175;4875;;4;;;
;;BFGOODRICH; BFGOODRICH  ACTIVAN  113/111R ;215;75; 16C   ;;;;;;0;0;;0;;;
;;BFGOODRICH; BFGOODRICH  ACTIVAN  112/110R ;225;65; 16C   ;;;;;;5835;5535;;4;;;
;; KLEBER   ; KLEBER  TRANSPRO   ;225;65; 16C   ;;;;;;3840;3675;;0;;;
;;MATADOR; MATADOR  MPS-125  112/110R ;225;65; 16C   ;;;;;;3360;3135;;0;;;
;;MATADOR; BARUM  VANIS  2  112/110R ;225;65; 16C   ;;;;;;4800;4650;;4;;;
;;KAMA; KAMA-218  121/120N ;225;75; 16C   ;;;;;;3540;3390;;0;;;
;;KAMA; KAMA-359  121/120N ;225;75; 16C   ;;;;;;3000;2895;;0;;;
;;FULDA; FULDA  CONVEO  START  121/120 ;225;75; 16C   ;;;;;;3900;3780;;0;;;
;;MATADOR; MATADOR  MPS-330  121/120R ;225;75; 16C   ;;;;;;3600;3540;;0;;;
;; BARUM   ; BARUM  VANIS    121/120R ;225;75; 16C   ;;;;;;5640;5349;;0;;;
;; ROSAVA   ; ROSAVA  аж  26  121/120M ;225;75; 16C   ;;;;;;3090;2940;;4;;;
;;BRIDGESTONE; BRIDGESTONE  M723  121/120N ;225;75; 16C   ;;;;;;4500;4260;;0;;;
;;YOKOHAMA; YOKOHAMA  RY818  121/120R ;225;75; 16C   ;;;;;;6150;5829;;2;;;
;;KIROV; й-152  ашвнй  йьг ;225; 16C   ;;;;;;;3300;3150;;0;;;
;;MATADOR; MATADOR  MPS-125  121\119  N ;235;65; 16C   ;;;;;;3750;3600;;0;;;
;;RIKEN; RIKEN  CARGO  115/113R ;235;65;16C;;;;;;4800;4500;;0;;;
;;KOPMORAN; KORMORAN  VANPRO  B2  115/113R ;235;65; 16C   ;;;;;;4800;4500;;0;;;
;;BRIDGESTONE; BRIDGESTONE  DURAVIS  R630    115/113R ;235;65; 16C   ;;;;;;4350;4200;;0;;;
;; MICHELIN     ; MICHELIN  AGILIS  113/115R ;235;65; 16C   ;;;;;;4950;4770;;0;;;
;; KLEBER   ; KLEBER  TRANSPRO  115\113R ;235;65; 16C   ;;;;;;6000;5607;;6;;;
;;TIGAR; TIGAR  108/107  L  TG725 ;6,50; 16C   ;;;;;;;4350;4050;;10;;;
;;SAVA; SAVA  CO-MET  122/120L ;7,50; 16C   ;;;;;;;3960;3651;;0;;;
;;ROSAVA; ROSAVA  7.50R16  LTA  401 ;7,50; 16C   ;;;;;;;3750;3600;;8;;;
;; BARUM   ; BARUM  SNOVANIS  2  102/100  Q ;185; 14C   ;;;;;;;1875;1725;;0;;;
;;BRIDGESTONE; BRIDGESTONE  W800     ;185; 14C   ;;;;;;;2400;2160;;0;;;
;;SAVA; SAVA  TRENTA  M+S   ;185; 14C   ;;;;;;;1950;1800;;0;;;
;;MATADOR; MATADOR  MPS-520  102/100R ;185; 14C   ;;;;;;;1950;1830;;0;;;
;;MATADOR; MATADOR  MPS-530  102/100R ;185; 14C   ;;;;;;;1950;1755;;0;;;
;;TIGAR; TIGAR  CARGO  SPEED  WINTER  102/100R ;185; 14C   ;;;;;;;2055;1860;;0;;;
;;YOKOHAMA; YOKOHAMA  VAN  Winter  Y354 ;195; 14C   ;;;;;;;2700;2535;;0;;;
;;GOOD-YEAR; GOOD-YEAR  CARGO  ULTRA  GRIP ;195; 14C   ;;;;;;;2850;2595;;0;;;
;; TOYO   ; TOYO  H09 ;195; 14C   ;;;;;;;2400;2190;;0;;;
;; BARUM   ; BARUM  SNOVANIS  2 ;195; 14C   ;;;;;;;2250;2100;;0;;;
;;MATADOR; MATADOR  MPS-520  104/106Q ;195; 14C   ;;;;;;;2250;2100;;0;;;
;;MATADOR; MATADOR  MPS-530  SIBIR  SNOW  104/106Q ;195; 14C   ;;;;;;;2250;2100;;0;;;
;;FULDA; FULDA  CONVEO  TRAC  M+S  106Q ;195; 14C   ;;;;;;;2505;2355;;0;;;
;;SAVA; SAVA  TRENTA  M+S   ;195; 14C   ;;;;;;;2220;2100;;0;;;
;;YOKOHAMA; YOKOHAMA  VAN  Winter  Y354 ;205;14C;;;;;;;2850;2640;;0;;;
;; NEXEN   ; NEXEN  WINGUARD  100Q ;205;70R14C;;;;;;;2250;2100;;0;;;
;; TOYO   ; TOYO  H09 ;205;14C;;;;;;;2850;2700;;0;;;
;;SAVA; SAVA  TRENTA  M+S ;205;14C;;;;;;;2550;2400;;0;;;
;; BARUM   ; BARUM  SNOVANIS  2  104/102R ;195;70; 15C   ;;;;;;3390;3240;;4;;;
;;GISLAVED; GISLAVED  NORD  FROST  VAN   ;195;70; 15C   ;;;;;;3630;3420;;4;;;
;;BFGOODRICH; BFGOODRICH  ACTIVAN  WINTER  104/102R ;195;70; 15C   ;;;;;;3600;3450;;4;;;
;; KLEBER   ; KLEBER  TRANSALP  2 ;195;70; 15C   ;;;;;;2550;2490;;0;;;
;; MICHELIN     ; MICHELIN  AGILIS  X-ICE  NORTH  104/102R  ЬХО ;195;70; 15C   ;;;;;;3300;3045;;0;;;
;; MICHELIN     ; MICHELIN  AGILIS  ALPIN ;195;70; 15C   ;;;;;;4500;4242;;8;;;
;;PIRELLI; PIRELLI  WINTER  CHRONO  104/102Q ;195;70; 15C   ;;;;;;3780;3600;;2;;;
;;ROADSTONE; ROADSTONE  WIN-231  104/102Q ;195;70; 15C   ;;;;;;3600;3300;;4;;;
;; TOYO   ; TOYO  H09 ;195;70; 15C   ;;;;;;2250;2100;;0;;;
;;BRIDGESTONE; BRIDGESTONE  W800     ;195;70; 15C   ;;;;;;4200;4050;;2;;;
;;SAVA; SAVA  TRENTA  M+S  104Q ;195;70; 15C   ;;;;;;3300;3135;;12;;;
;;MATADOR; MATADOR  MPS-530  SIBIR  SNOW  104/102R ;195;70; 15C   ;;;;;;3150;2952;;2;;;
;;MATADOR; MATADOR  MPS-530  SIBIR  SNOW  100/102T ;205;65; 15C   ;;;;;;2550;2400;;0;;;
;;MATADOR; MATADOR  MPS-530  SIBIR  SNOW  106/104R ;205;70; 15C   ;;;;;;2460;2280;;0;;;
;;GISLAVED; Gislaved  Nord  Frost  Van  112/110R  (ОНД  ЬХО) ;225;70; 15C   ;;;;;;5400;5100;;20;;;
;;GISLAVED; Gislaved  Nord  Frost  Van  112/110R  (ЬХО) ;225;70; 15C   ;;;;;;5100;4860;;20;;;
;; BARUM   ; BARUM  SNOVANIS  2  110/112R ;225;70; 15C   ;;;;;;2850;2760;;0;;;
;;BF-GOODRICH; BFGOODRICH  ACTIVAN  WINTER  112/110R ;225;70; 15C   ;;;;;;4950;4650;;4;;;
;;BRIDGESTONE; BRIDGESTONE  W800    112/110R ;225;70; 15C   ;;;;;;5100;4797;;8;;;
;; KLEBER   ; KLEBER  TRANSALP  2 ;225;70; 15C   ;;;;;;3300;3150;;0;;;
;;RIKEN; RIKEN  CARGO  WINTER  ЬХО  112/110R ;225;70;15C;;;;;;4350;4140;;4;;;
;;RIKEN; RIKEN  CARGO  WINTER  ОНД  ЬХО  112/110R ;225;70;15C;;;;;;4050;3840;;10;;;
;;MATADOR; MATADOR  MPS-530  SIBIR  SNOW  112/110R ;225;70; 15C   ;;;;;;2700;2550;;0;;;
;;MATADOR; MATADOR  MPS520  112/110R ;225;70; 15C   ;;;;;;2640;2460;;0;;;
;; MICHELIN     ; MICHELIN  AGILIS  ALPIN  112/110R ;225;70; 15C   ;;;;;;5700;5349;;16;;;
;;MICHELIN; MICHELIN  AGILIS  X-ICE  NORTH  112/110R  ЬХО ;225;70;15C;;;;;;6000;5814;;2;;;
;;YOKOHAMA; YOKOHAMA  Y354  112/110R ;225;70; 15C   ;;;;;;0;0;;0;;;
;;NOKIAN; NOKIAN  WRC  CARGO   ;225;70; 15C   ;;;;;;3450;3330;;0;;;
;; FULDA   ; FULDA  CONVEO  TRAC ;225;70; 15C   ;;;;;;3450;3225;;0;;;
;; NEXEN   ; NEXEN  EURO-WIN  112/110R ;225;70; 15C   ;;;;;;2550;2550;;0;;;
;;SAVA; SAVA  TRENTA  M+S  112R ;225;70; 15C   ;;;;;;2850;2700;;0;;;
;;BRIDGESTONE; BRIDGESTONE  W800  107/105  R ;195;75; 16C   ;;;;;;3150;2910;;0;;;
;;GISLAVED; GISLAVED  NORD  FROST  VAN  107/105  R ;195;75; 16C   ;;;;;;2700;2505;;0;;;
;;TIGAR; TIGAR  CARGO  SPEED  WINTER  107/105  R ;195;75; 16C   ;;;;;;3900;3705;;4;;;
;;SAVA; SAVA  TRENTA  M+S  107Q ;195;75; 16C   ;;;;;;3900;3690;;6;;;
;; MICHELIN     ; MICHELIN  AGILIS  ALPIN+  107/105  R ;195;75; 16C   ;;;;;;3450;3240;;0;;;
;; TOYO   ; TOYO  H09  105/107R ;195;75; 16C   ;;;;;;4140;3900;;2;;;
;;MATADOR; MATADOR  MPS-530  SIBIR  SNOW  107/105R ;195;75; 16C   ;;;;;;2505;2250;;0;;;
;; MICHELIN     ; MICHELIN  AGILIS  ALPIN    107/105  T ;205;65; 16C   ;;;;;;6150;5907;;4;;;
;;KLEBER; KLEBER  TRANSALP  2 ;205;65; 16C   ;;;;;;5280;4980;;2;;;
;;SAVA; SAVA  TRENTA  M+S  105/107  T ;205;65; 16C   ;;;;;;5100;4800;;2;;;
;;BFGOODRICH; BFGOODRICH  ACTIVAN  WINTER  105/107T ;205;65; 16C   ;;;;;;3300;3120;;0;;;
;;MATADOR; MATADOR  MPS-530  SIBIR  SNOW  107/105 ;205;65; 16C   ;;;;;;2850;2700;;0;;;
;; TOYO   ; TOYO  H09  107T ;205;65; 16C   ;;;;;;4650;4428;;2;;;
;; BARUM   ; BARUM  SNOVANIS  2  105/107р ;205;65; 16C   ;;;;;;3000;2850;;0;;;
;;MATADOR; MATADOR  MPS-530  SIBIR  SNOW  110/108 ;205;75; 16C   ;;;;;;4050;3870;;2;;;
;;NOKIAN; NOKIAN  WRC  CARGO   ;205;75; 16C   ;;;;;;3600;3360;;0;;;
;;BFGOODRICH; BFGOODRICH  ACTIVAN  WINTER  110/108R ;205;75; 16C   ;;;;;;3300;3000;;0;;;
;;GISLAVED; GISLAVED  NORD  FROST  VAN   ;205;75; 16C   ;;;;;;3300;3000;;0;;;
;;BFGOODRICH; BFGOODRICH  ACTIVAN  WINTER  109/107R ;215;65; 16C   ;;;;;;5100;4800;;2;;;
;; KLEBER   ; KLEBER  TRANSALP  2 ;215;65; 16C   ;;;;;;5100;4800;;2;;;
;; BARUM   ; BARUM  SNOVANIS     ;215;65;16C;;;;;;3450;3225;;0;;;
;;SAVA; SAVA  TRENTA  M+S  104/106  T ;215;65;16C;;;;;;4350;4050;;2;;;
;;MATADOR; MATADOR  MPS-520  116/1114R ;215;75; 16C   ;;;;;;3600;3450;;0;;;
;; MATADOR   ; MATADOR  MPS-530  SIBIR  SNOW  116/1114R ;215;75; 16C   ;;;;;;3300;3240;;0;;;
;;GISLAVED; GISLAVED  NORD  FROST  VAN   ;215;75; 16C   ;;;;;;4140;3960;;0;;;
;;MICHELIN; MICHELIN  AGILIS  ALPIN  116/114R ;215;75;16C;;;;;;4650;4470;;0;;;
;;RIKEN; RIKEN  CARGO  WINTER  ОНД  ЬХО  113/111R ;215;75;16C;;;;;;3300;3180;;0;;;
;; TOYO   ; TOYO  H09  M+S ;215;75; 16C   ;;;;;;3750;3450;;0;;;
;;FULDA; FULDA  CONVEO  TRAC  M+S ;215;75; 16C   ;;;;;;4050;3750;;0;;;
;;GISLAVED; GISLAVED  NORD  FROST  VAN  112/110R ;225;65;16C;;;;;;4140;3870;;0;;;
;;MICHELIN; MICHELIN  AGILIS  ALPIN  112/110R ;225;65;16C;;;;;;4650;4350;;0;;;
;; MATADOR   ; MATADOR  MPS-530  SIBIR  SNOW  112/1110R ;225;65;16C;;;;;;3450;3240;;0;;;
;;MATADOR; MATADOR  MPS-530  SIBIR  SNOW  121/120R ;225;75; 16C   ;;;;;;3750;3600;;0;;;
;;GISLAVED; GISLAVED  NORD  FROST  VAN  115/113  R ;235;65; 16C   ;;;;;;4650;4440;;0;;;
;;MATADOR; MATADOR  MPS-520  113/115R ;235;65; 16C   ;;;;;;3900;3750;;0;;;
;; KLEBER   ; KLEBER  TRANSALP  2  115/113  R ;235;65; 16C   ;;;;;;4500;4260;;0;;;
;; MICHELIN     ; MICHELIN  AGILIS  ALPIN ;235;65; 16C   ;;;;;;7980;7680;;2;;;
;;MATADOR; MATADOR  FR  2  122/124M  (ОЕП) ;205;75; 17,5   ;;;;;;7311;7011;;2;;;
;;MATADOR; MATADOR  DR  2  2  122/124M  (ГЮД) ;205;75; 17,5   ;;;;;;7425;7119;;4;;;
;;TRIANGLE; TRIANGLE  TR685H  ПСКЭ  135/133L ;215;75; 17,5   ;;;;;;5550;5250;;0;;;
;;TRIANGLE; TRIANGLE  TR689A  РЪЦЮ  135/133L ;215;75; 17,5   ;;;;;;5700;5550;;12;;;
;;TRIANGLE; TRIANGLE  TR687  16PR  135/133L ;215;75R17,5;;;;;;;5550;5250;;0;;;
;; INFINITY   ; INFINITY  F86  126/124M ;215;75R17,5;;;;;;;5550;5250;;0;;;
;; LIN  LONG ; LIN  LONG  LLF86  ПСКЭ ;215;75; 17,5   ;;;;;;4350;4080;;0;;;
;; LIN  LONG ; LIN  LONG  D905  РЪЦЮ  126/124M ;215;75; 17,5   ;;;;;;5700;5400;;20;;;
;; BARUM   ; BARUM  BD  23  126/124M  (ГЮД) ;215;75; 17,5   ;;;;;;7500;7200;;4;;;
;; BARUM   ; BARUM  BF  14  126/124M  (ОЕП) ;215;75; 17,5   ;;;;;;7500;7020;;3;;;
;;BELSHINA; BELSHINA  аЕК169  126/124M  (ГЮД-ОЕП) ;215;75; 17,5   ;;;;;;3750;3570;;0;;;
;;KORMORAN; KORMORAN  D  РЪЦЮ  126/124M ;215;75; 17,5   ;;;;;;8400;8100;;8;;;
;;KORMORAN; KORMORAN  U  ПСКЭ  126/124M ;215;75; 17,5   ;;;;;;8400;8301;;6;;;
;;BRIDGESTONE; BRIDGESTONE  M729  126/124M  (ГЮД)   ;215;75; 17,5   ;;;;;;10200;9900;;4;;;
;;BRIDGESTONE; BRIDGESTONE  R227  126/124M  (ОЕП)   ;215;75; 17,5   ;;;;;;9900;9600;;4;;;
;;GOOD-YEAR; GOOD-YEAR  RHD  II  126/124M(ГЮД) ;215;75; 17,5   ;;;;;;9150;8856;;2;;;
;;GOOD-YEAR; GOOD-YEAR  RHS  II  126/124M(ОЕП) ;215;75; 17,5   ;;;;;;9000;8670;;4;;;
;; MICHELIN     ; MICHELIN  XZA2    126/124M  (ОЕП) ;215;75; 17,5   ;;;;;;10500;10146;;2;;;
;; MICHELIN     ; MICHELIN  XZE2    126/124M  (ОЕП) ;215;75; 17,5   ;;;;;;10500;10146;;8;;;
;; MICHELIN     ; MICHELIN  XDE2  126/124M  (ГЮД) ;215;75; 17,5   ;;;;;;10500;10146;;6;;;
;; MICHELIN     ; MICHELIN  X  MULTI  D  TL  126/124M  VG ;215;75; 17,5   ;;;;;;10500;10146;;4;;;
;;MATADOR; MATADOR  FR  3  126/124M  (ОЕП) ;215;75; 17,5   ;;;;;;7500;7200;;2;;;
;;MATADOR; MATADOR  DR3  2  126/124M  (ГЮД) ;215;75; 17,5   ;;;;;;7500;7200;;4;;;
;;FULDA; FULDA  REGIOFORCE  126/124M  (ГЮД) ;215;75; 17,5   ;;;;;;6000;5700;;0;;;
;;DUNLOP; DUNLOP  126/124M  SP444  126/124M  (ГЮД) ;215;75; 17,5   ;;;;;;5550;5400;;0;;;
;;DUNLOP; DUNLOP  126/124M  SP344  126/124M  (ОЕП) ;215;75; 17,5   ;;;;;;8250;7920;;6;;;
;;SAVA; SAVA  AVANT  A4  126/124M    (ОЕП) ;215;75; 17,5   ;;;;;;7650;7380;;12;;;
;;SAVA; SAVA  ORJAK  O4  126/124M    (ГЮД) ;215;75; 17,5   ;;;;;;5250;5100;;0;;;
;;SAVA; SAVA  ORJAK  O3  126/124M    (ГЮД) ;215;75; 17,5   ;;;;;;5400;5250;;0;;;
;;MATADOR; MATADOR  FR  3    129/127M    (ОЕП) ;225;75; 17,5   ;;;;;;6000;5550;;0;;;
;;SAVA; SAVA  AVANT  A3  129/127M    (ОЕП) ;225;75; 17,5   ;;;;;;0;0;;0;;;
;;SAVA; SAVA  ORJAK  O3  129/127M    (ГЮД) ;225;75; 17,5   ;;;;;;6300;6150;;0;;;
;;BRIDGESTONE; BRIDGESTONE  M729  129/127M  (ГЮД)   ;225;75; 17,5   ;;;;;;0;0;;0;;;
;;BRIDGESTONE; BRIDGESTONE  R227  129/127M  (ОЕП)   ;225;75; 17,5   ;;;;;;0;0;;0;;;
;;BRIDGESTONE; BRIDGESTONE  M729  132/130M  (ГЮД)   ;235;75; 17,5   ;;;;;;12000;11439;;0;;;
;;BRIDGESTONE; BRIDGESTONE  R227  132/130M  (ОЕП)   ;235;75; 17,5   ;;;;;;0;0;;0;;;
;;TRIANGLE; TRIANGLE  TR685  16PR  ПСКЭ  141/140J ;235;75R17,5;;;;;;;4500;4260;;0;;;
;; LIN  LONG ; LIN  LONG  D905  РЪЦЮ  141/140J ;235;75R17,5;;;;;;;6300;6150;;4;;;
;;KORMORAN; KORMORAN  ROADS  D  РЪЦЮ  132/130M ;235;75R17,5;;;;;;;10500;9960;;4;;;
;;KORMORAN; KORMORAN  F  ПСКЭ  132/130M ;235;75; 17,5   ;;;;;;0;0;;0;;;
;;KAMA; KAMA  с-2  10PR  125/122J ;8,25; 20   ;;;;;;;5400;5100;;12;;;
;;TRIANGLE; TRIANGLE  TR690E  16PR  РЪЦЮ  144/142K ;9,00; 20   ;;;;;;;7800;7200;;0;;;
;;TRIANGLE; TRIANGLE  TR668  16PR  ПСКЭ+РЪЦЮ  144/142K ;9,00; 20   ;;;;;;;9300;9000;;4;;;
;;TRIANGLE; TRIANGLE  TR688  16PR  РЪЦЮ  144/142K ;9,00; 20   ;;;;;;;7500;7140;;0;;;
;;KAMA; KAMA  0-40ал  12PR  136/133J ;9,00; 20   ;;;;;;;6300;6000;;4;;;
;;KAMA; KAMA  х-м142ал  12PR  136/133J ;9,00; 20   ;;;;;;;6150;5850;;20;;;
;;KAMA; KAMA  х-м142ал  14PR ;9,00; 20   ;;;;;;;6450;6300;;20;;;
;; DURUN   ; Durun  YTH1  (СМХБЕПЯЮКЭМЮЪ)  9  R20  144/142K  16PR ;9,00; 20   ;;;;;;;6600;6300;;0;;;
;;BELSHINA; BELSHINA  аек-114  16PR ;10,00; 20   ;;;;;;;8100;7800;;12;;;
;; DURUN   ; Durun  YTH1  (СМХБЕПЯЮКЭМЮЪ)  10  R20  149/146K ;10,00; 20   ;;;;;;;8400;8100;;0;;;
;;KAMA; KAMA  310  16PR  146/143J ;10,00; 20   ;;;;;;;8100;7800;;4;;;
;;KAMA; KAMA  х-281  с-4  16PR  146/143J ;10,00; 20   ;;;;;;;6750;6600;;0;;;
;;KAMA; KAMA  х-ю185  16PR  146/143J ;10,00; 20   ;;;;;;;7350;7200;;20;;;
;;THREE-A; THREE-A    A167  18PR  РЪЦЮ  146/142J ;10,00; 20   ;;;;;;;8100;7500;;0;;;
;;THREE-A; THREE-A    A168  18PR  ПСКЭ+РЪЦЮ  146/142J ;10,00; 20   ;;;;;;;10500;10200;;0;;;
;;TRIANGLE; TRIANGLE  TR690E  18PR  149/146J  РЪЦЮ ;10,00; 20   ;;;;;;;9000;9000;;0;;;
;; AEOLUS   ; AEOLUS  HN08  146/143  16PR ;10,00; 20   ;;;;;;;9000;9000;;0;;;
;;HANKOOK; HANKOOK  AH11  ПСКЭ  147/143L ;10,00; 20   ;;;;;;;9750;9300;;0;;;
;;KOPMORAN; KOPMORAN  U  146/143K ;10,00; 20   ;;;;;;;15300;15000;;0;;;
;;KOPMORAN; KOPMORAN  D  146/143K ;10,00; 20   ;;;;;;;15450;15120;;4;;;
;;THREE-A; THREE-A    A168  152/149J  ПСКЭ+РЪЦЮ  18PR ;11,00; 20   ;;;;;;;12300;12000;;4;;;
;;BELSHINA; BELSHINA  хд-304  16PR ;12,00; 20   ;;;;;;;7800;10500;;2;;;
;;KAMA; KAMA  хд-304  16PR  154/149J ;12,00; 20   ;;;;;;;10500;9900;;2;;;
;;KAMA; KAMA  хд-304  18PR  154/149J ;12,00; 20   ;;;;;;;10500;10500;;0;;;
;;DOUBLESTAR; DOUBLESTAR  DSR168    PR20  154/151K ;12,00; 20   ;;;;;;;10500;10200;;0;;;
;;EVERGREEN; EVERGREEN  EGT88  ПСКЭ  152/148M ;295;80;22,5;;;;;;10500;10500;;0;;;
;;KORMORAN; KORMORAN  F  ПСКЭ  152/148M ;295;80;22,5;;;;;;0;0;;0;;;
;;KORMORAN; KORMORAN  D  РЪЦЮ  152/148M ;295;80;22,5;;;;;;17100;16500;;4;;;
;;MICHELIN; MICHELIN  X  MULTIWAY  3D  XZE  ПСКЭ  152/148L ;295;80;22,5;;;;;;17400;17400;;0;;;
;;MICHELIN; MICHELIN  X  MULTIWAY  XDE  РЪЦЮ  152/148L ;295;80;22,5;;;;;;23400;23040;;4;;;
;; LIN  LONG ; LIN  LONG  D905  РЪЦЮ  152/148M ;295;80;22,5;;;;;;12000;11250;;4;;;
;;TRIANGLE; TRIANGLE  TR601H  16PR  ПСКЭ   ;295;80;22,5;;;;;;9000;9000;;0;;;
;;BRIDGESTONE; BRIDGESTONE  R297  152/148 ;295;80;22,5;;;;;;14880;14295;;0;;;
;;BRIDGESTONE; BRIDGESTONE  R297  [154/152]   ;315;70R22,5;;;;;;;15000;14250;;0;;;
;; LIN  LONG ; LIN  LONG  D905  РЪЦЮ  154/150L ;315;70R22,5;;;;;;;12300;11850;;4;;;
;;KORMORAN; KORMORAN  D  154/150L ;315;70R22,5;;;;;;;18000;17325;;8;;;
;;KORMORAN; KORMORAN  F  ПСКЭ  154/150L ;315;70R22,5;;;;;;;18000;17025;;2;;;
;;TRIANGLE; TRIANGLE  TR685  16PR  ПСКЭ  152/148M ;315;70R22,5;;;;;;;12600;12000;;2;;;
;;TRIANGLE; TRIANGLE  TRD06  16PR  РЪЦЮ  152/148M ;315;70R22,5;;;;;;;10050;10500;;0;;;
;;FULDA; FULDA  156/150L  (154/150M)  ECOCONTROL  2   ;315;80;22,5;;;;;;17100;16500;;2;;;
;;KORMORAN; KORMORAN  ROADS  D  РЪЦЮ  154/150M ;315;80R22,5;;;;;;;12600;12000;;0;;;
;;KORMORAN; KORMORAN  ROADS  F  ПСКЭ  154/150L ;315;80R22,5;;;;;;;12300;11700;;0;;;
;;TRIANGLE; TRIANGLE  TR686  20PR  ПСКЭ  157/154M ;315;80R22,5;;;;;;;12300;12000;;4;;;
;;TRIANGLE; TRIANGLE  TR688  18PR  РЪЦЮ  154/151M ;315;80;22,5;;;;;;9750;9300;;0;;;
;;TRIANGLE; TRIANGLE  TRD08  18PR  РЪЦЮ  154/151L ;315;80R22,5;;;;;;;12450;12000;;4;;;
;;BRIDGESTONE; BRIDGESTONE  M729  154/151M ;315;80R22,5;;;;;;;22500;21750;;4;;;
;;TRIANGLE; TRIANGLE  TR601  18PR  ПСКЭ  154/151M ;315;80R22,5;;;;;;;12600;12000;;2;;;
;;MICHELIN; MICHELIN  XTE  3  ОПХЖЕО  160J ;385;65R22,5;;;;;;;24750;24300;;1;;;
;;THREE-A; THREE-A    T186  160K  ОПХЖЕОМЮЪ  20PR ;385;65R22,5;;;;;;;10800;10500;;0;;;
;; AEOLUS   ; AEOLUS  HN805 ;385;65R22,5;;;;;;;13500;13500;;4;;;
;;WAYNNER; WAYNNER  WIN12 ;385;65R22,5;;;;;;;12750;12000;;0;;;
;;DOUBLESTAR; DOUBLESTAR  DSD566  20PR  ПСКЭ+ОПХЖЕО  158L ;385;65R22,5;;;;;;;10800;10500;;0;;;
;;TRIANGLE; TRIANGLE  TR692  20PR  ОПХЖЕОМЮЪ  160J ;385;65;22,5;;;;;;12900;12300;;6;;;
;; BARUM   ; BT43  ОПХЖЕОМЮЪ ;385;65;22,5;;;;;;12000;11550;;0;;;
;;FIRESTONE; FIRESTONE  TSP3000  160K  ОПХЖЕОМЮЪ ;385;65;22,5;;;;;;20295;19188;;2;;;
;;BRIDGESTONE; BRIDGESTONE  R168  160K  ОПХЖЕОМЮЪ ;385;65;22,5;;;;;;21300;20880;;0;;;
;;BRIDGESTONE; BRIDGESTONE  R164  160K  ОПХЖЕОМЮЪ ;385;65;22,5;;;;;;21000;20400;;4;;;
;;KORMORAN; KORMORAN  T  160J  ОПХЖЕОМЮЪ   ;385;65R22,5;;;;;;;17400;16950;;2;;;
;;SAVA; CARGO  C3  PLUS  160K158L  ОПХЖЕОМЮЪ   ;385;65;22,5;;;;;;11700;11100;;0;;;
;; дхяй   ; дхяй  2106 ; 2103  5  1 ;2J;;;;;;;600;555;;40;;;
;; дхяй   ; дхяй  2108 ; 2108  5  1 ;2J;;;;;;;600;555;;20;;;
;; дхяй   ; дхяй  рюбпхъ   ;41;2J;;;;;;;600;540;;0;;;
;;йюлепю; йюлепю  ROSAVA ;R10;4,00;;;;;;;120;90;;2;;;
;;йюлепю; йюлепю  ROSAVA ;R13;01;;;;;;;195;180;;760;;;
;;йюлепю; йюлепю  ROSAVA ;R13;02;;;;;;;195;180;;100;;;
;;йюлепю; йюлепю  ROSAVA ;R14;01;;;;;;;225;213;;100;;;
;;йюлепю; йюлепю  ROSAVA ;R14;02;;;;;;;225;210;;40;;;
;;йюлепю; йюлепю  ROSAVA ;R15;01;;;;;;;234;225;;80;;;
;;йюлепю; йюлепю  аекьхмю ;R16;185;;;;;;;240;225;;310;;;
;;йюлепю; йюлепю    й-152  ашвнй  йьг ;R16;225;;;;;;;270;225;;8;;;
;;йюлепю; йюлепю  ЙПХБ  БХМР ;R16;6,95;;;;;;;525;450;;50;;;
;;ткхоеп; ткхоеп   ; R16  225 ; 16   ;;;;;;;180;150;;28;;;
;;йюлепю; йюлепю  мйьг ;R20;260;;;;;;;750;600;;4;;;
;;йюлепю; йюлепю    мйьг ;R20;280;;;;;;;750;600;;12;;;
;;ткхоеп; ткхоеп  R20  сгйхи ;R20;6,70;;;;;;;225;150;;50;;;
;;ткхоеп; ткхоеп  R20  ьхпнйхи ;R20;7,70;;;;;;;300;225;;100;;;
